Workbook

Sheet 작성 매뉴얼
A1: 기능 설명
W6: 해당 버튼을 눌러 M4000, M4500번지로 이동
W17: 6K, 8K / Chamber / PACC
W18: 순서로 양식이 있습니다.
C35: 6K, 8K 설계 시 버튼을 눌러 전체 T번지 영역 선택하여 복사 | J35: Chamber 설계 시 버튼을 눌러 전체 T번지 영역 선택하여 복사 | P35: PACC 설계 시 버튼을 눌러 전체 T번지 영역 선택하여 복사
A37: 작성 순서
B42: 1. 전장설계팀으로부터 I/O Map을 받으면 [1. IO 작성 Map] 시트에 붙여넣기 한다.
B43: (해당영역에 I/O Comment 입력)
B66: 2. [3. M-Memory Map] 시트에서 해당 설비의 양식을 제외한 다른 설비의 양식은 제거한다.
B67: (아래 사진은 6K, 8K 설비를 할 경우 예시)
B84: 3. 상단바에 있는 [EQ] 버튼을 누르면, M4000~M4499번지에 해당하는 T영역이 선택이 됩니다.
B85: 선택영역을 복사하여 [T Matching]영역에 붙여넣기 합니다.
B110: 4. [2. T-Memory Map]에서 해당영역에 T번지를 매칭합니다.
B111: (T4000~T4699: EQ, Chamber / T4700~T4999: PACC)
B138: 5. [IO List Map]에서 Matching 검토를 합니다.
R148: 해당영역 Matching이 되어있지 않으므로 확인해야 한다.
A161: 상세 설명
B165: # M번지를 공용으로 사용하는 영역
B166: 공용으로 사용하는 영역의 경우 Title에 /로 나누어 표시했습니다.
B167: Ex)
B207: # 신규 I/O가 생겼을 경우
B208: 해당 신규 I/O가 계속 설비에 사용된다면, Spare 공간에 추가를 하고 표준 Update를 해야합니다.
B209: (일시적으로 사용할 경우 Spare 공간에 추가하여 사용하고 표준은 Update 하지않음)

Sheet 1. IO 작성 Map
E1: A접 센서 | F1: 검정
B2: B RATE | C2: 4 | E2: B접 센서 | F2: 빨강 | K2: B RATE | L2: 4 | S2: B RATE | T2: 4 | AA2: B RATE | AB2: 4
B3: INPUT | K3: OUTPUT | S3: MODE | T3: 3 | AA3: MODE | AB3: 1
S4: ANALOG INPUT | AA4: SW ON↑ | AB4: 1, 3, 5
B5: STATION No. | C5: Part No. | D5: 번호 | E5: I/O | F5: Description | G5: I/O Check | H5: 비고 | K5: STATION No. | L5: Part No. | M5: 번호 | N5: I/O | O5: Description | P5: I/O Check | Q5: 비고 | AA5: RS-232 COMM.
B6: EQ | K6: PROFILE | S6: STATION No. | T6: Part No. | U6: 번호 | V6: I/O | W6: Description | AA6: STATION No. | AB6: Part No. | AC6: 번호 | AF6: Description
B7: 1 | C7: AJ65SBTB1-32D1 | D7: 1 | E7: X1000 | F7: FRONT LEFT (FL) FIXTURE FWD | K7: 9 | L7: AJ65SBTB1-32T1 | M7: 1 | N7: Y1100 | O7: FRONT FIXTURE FWD | S7: Profile I/O Pannel
D8: 2 | E8: X1001 | F8: FRONT LEFT (FL) FIXTURE REV | M8: 2 | N8: Y1101 | O8: RIGHT FIXTURE FWD | S8: 25 | T8: AJ65VBTCU-68ADVN | U8: 1 | V8: CH1 | W8: CDA 01 | Y8: ISE20B
D9: 3 | E9: X1002 | F9: FRONT RIGHT (FR) FIXTURE FWD | M9: 3 | N9: Y1102 | O9: BACK FIXTURE FWD | U9: 2 | V9: CH2 | W9: CDA 02 | Y9: ISE20B
D10: 4 | E10: X1003 | F10: FRONT RIGHT (FR) FIXTURE REV | M10: 4 | N10: Y1103 | O10: LEFT FIXTURE FWD | U10: 3 | V10: CH3 | W10: CDA 03 | Y10: ISE20B | AA10: B RATE | AB10: 4
D11: 5 | E11: X1004 | F11: RIGHT FRONT (RF) FIXTURE FWD | M11: 5 | N11: Y1104 | O11: SPARE | U11: 4 | V11: CH4 | W11: FIXTURE 01 | Y11: ISE20B | AA11: MODE | AB11: 1
D12: 6 | E12: X1005 | F12: RIGHT FRONT (RF) FIXTURE REV | M12: 6 | N12: Y1105 | O12: SPARE | U12: 5 | V12: CH5 | W12: FIXTURE 02 | Y12: ISE20B | AA12: SW ON↑ | AB12: 1, 3, 5
D13: 7 | E13: X1006 | F13: RIGHT BACK (RB) FIXTURE FWD | M13: 7 | N13: Y1106 | O13: SAMPLE PLATE BLOWING | U13: 6 | V13: CH6 | W13: ISOLATOR 01 | Y13: ISE20B | AA13: RS-232 COMM.
D14: 8 | E14: X1007 | F14: RIGHT BACK (RB) FIXTURE REV | M14: 8 | N14: Y1107 | O14: SPARE | U14: 7 | V14: CH7 | W14: ISOLATOR 02 | Y14: ISE20B | AA14: STATION No. | AB14: Part No. | AC14: 번호 | AF14: Description
D15: 9 | E15: X1008 | F15: BACK RIGHT (BR) FIXTURE FWD | M15: 9 | N15: Y1108 | O15: SAMPLE PLATE VACUUM | U15: 8 | V15: CH8 | W15: SHUTTER | Y15: ISE20B
D16: 10 | E16: X1009 | F16: BACK RIGHT (BR) FIXTURE REV | M16: 10 | N16: Y1109 | O16: SPARE
D17: 11 | E17: X100A | F17: BACK LEFT (BL) FIXTURE FWD | M17: 11 | N17: Y110A | O17: SHUTTER OPEN | S17: B RATE | T17: 4
D18: 12 | E18: X100B | F18: BACK LEFT (BL) FIXTURE REV | M18: 12 | N18: Y110B | O18: SHUTTER CLOSE | S18: MODE | T18: 3 | AA18: B RATE | AB18: 4
D19: 13 | E19: X100C | F19: LEFT BACK (LB) FIXTURE FWD | M19: 13 | N19: Y110C | O19: SPARE | S19: ANALOG INPUT | AA19: MODE | AB19: 1
D20: 14 | E20: X100D | F20: LEFT BACK (LB) FIXTURE REV | M20: 14 | N20: Y110D | O20: SPARE | AA20: SW ON↑ | AB20: 1, 3, 5
D21: 15 | E21: X100E | F21: LEFT FRONT (LF) FIXTURE FWD | M21: 15 | N21: Y110E | O21: SPARE | S21: STATION No. | T21: Part No. | U21: 번호 | V21: I/O | W21: Description | AA21: RS-232 COMM.
D22: 16 | E22: X100F | F22: LEFT FRONT (LF) FIXTURE REV | M22: 16 | N22: Y110F | O22: SPARE | S22: Profile I/O Pannel | AA22: STATION No. | AB22: Part No. | AC22: 번호 | AF22: Description
D23: 17 | E23: X1010 | F23: LIFT PIN GLASS CHECK 01 | M23: 17 | N23: Y1110 | O23: FIXTURE UP | S23: 26 | T23: AJ65VBTCU-68ADVN | U23: 1 | V23: CH1 | W23: PROBE MODULE_1 | Y23: ISE20B
D24: 18 | E24: X1011 | F24: SAMPLE PLATE GLASS CHECK 01 | M24: 18 | N24: Y1111 | O24: SPARE | U24: 2 | V24: CH2 | W24: PROBE MODULE_2 | Y24: ISE20B
D25: 19 | E25: X1012 | F25: LIFT PIN DOWN | M25: 19 | N25: Y1112 | O25: SIGNAL TOWER RED | U25: 3 | V25: CH3 | W25: PROBE MODULE_3 | Y25: ISE20B
D26: 20 | E26: X1013 | F26: LIFT PIN UP | M26: 20 | N26: Y1113 | O26: SIGNAL TOWER YELLOW | U26: 4 | V26: CH4 | W26: PROBE MODULE_4 | Y26: ISE20B | AA26: B RATE | AB26: 4
D27: 21 | E27: X1014 | F27: X0-UNLOADING POSITION (HEAD GANTRY 1) | M27: 21 | N27: Y1114 | O27: SIGNAL TOWER GREEN | U27: 5 | V27: CH5 | W27: PROBE MODULE_5 | Y27: ISE20B | AA27: MODE | AB27: 1
D28: 22 | E28: X1015 | F28: X2-UNLOADING POSITION (HEAD GANTRY 2) | M28: 22 | N28: Y1115 | O28: SPARE | U28: 6 | V28: CH6 | W28: ZERO POSITION_1 | Y28: ISE20B | AA28: SW ON↑ | AB28: 1, 3, 5
D29: 23 | E29: X1016 | F29: SP_X-UNLOADING POSITION (SAMPLE PLATE) | M29: 23 | N29: Y1116 | O29: SIGNAL TOWER BUZZER 01 | U29: 7 | V29: CH7 | W29: ZERO POSITION_2 | Y29: ISE20B | AA29: RS-232 COMM.
D30: 24 | E30: X1017 | F30: Y0-UNLOADING POSITION (HEAD1) | M30: 24 | N30: Y1117 | O30: SPARE | U30: 8 | V30: CH8 | W30: ZERO POSITION_3 | Y30: ISE20B | AA30: STATION No. | AB30: Part No. | AC30: 번호 | AF30: Description
D31: 25 | E31: X1018 | F31: Y1-UNLOADING POSITION (HEAD2) | M31: 25 | N31: Y1118 | O31: VOICE BUZZER CH1 ON
D32: 26 | E32: X1019 | F32: Y2-UNLOADING POSITION (HEAD3) | M32: 26 | N32: Y1119 | O32: VOICE BUZZER CH2 ON | S32: B RATE | T32: 4
D33: 27 | E33: X101A | F33: Y3-UNLOADING POSITION (HEAD4) | M33: 27 | N33: Y111A | O33: VOICE BUZZER CH3 ON | S33: MODE | T33: 3
D34: 28 | E34: X101B | F34: X4-UNLOADING POSITION (PROBE GANTRY 1) | M34: 28 | N34: Y111B | O34: VOICE BUZZER CH4 ON | S34: ANALOG INPUT | AA34: B RATE | AB34: 4
D35: 29 | E35: X101C | F35: X6-UNLOADING POSITION (PROBE GANTRY 2) | M35: 29 | N35: Y111C | O35: VOICE BUZZER CH5 ON (RESERVED) | AA35: MODE | AB35: 1
D36: 30 | E36: X101D | F36: X8-UNLOADING POSITION (PROBE GANTRY 3) | M36: 30 | N36: Y111D | O36: VOICE BUZZER CH6 ON (RESERVED) | S36: STATION No. | T36: Part No. | U36: 번호 | V36: I/O | W36: Description | AA36: SW ON↑ | AB36: 1, 3, 5
D37: 31 | E37: X101E | F37: X10-UNLOADING POSITION (PROBE GANTRY 4) | M37: 31 | N37: Y111E | O37: VOICE BUZZER CH7 ON (RESERVED) | S37: HI-BOX | AA37: RS-232 COMM.
D38: 32 | E38: X101F | F38: X12-UNLOADING POSITION (PROBE GANTRY 5) | M38: 32 | N38: Y111F | O38: VOICE BUZZER CH8 ON (RESERVED) | S38: 27 | T38: AJ65VBTCU-68ADVN | U38: 1 | V38: CH1 | W38: ZERO POSITION_4 | Y38: ISE20B | AA38: STATION No. | AB38: Part No. | AC38: 번호 | AF38: Description
B39: EQ | K39: PROFILE | U39: 2 | V39: CH2 | W39: ZERO POSITION_5 | Y39: ISE20B
B40: 2 | C40: AJ65SBTB1-32D1 | D40: 33 | E40: X1020 | F40: FRONT LEFT (UFL) FIXTURE UP | K40: 10 | L40: AJ65SBTB1-32T1 | M40: 33 | N40: Y1120 | O40: PROBE CARD ZERO POSITION 01 UNLOCK | U40: 3 | V40: CH3 | W40: PLATE BLOW_VACUUM 01 | Y40: ZSE20BF
D41: 34 | E41: X1021 | F41: FRONT LEFT (UFL) FIXTURE DOWN | M41: 34 | N41: Y1121 | O41: PROBE CARD ZERO POSITION 02 UNLOCK | U41: 4 | V41: CH4 | W41: VACUUM 01 | Y41: ZSE20B
D42: 35 | E42: X1022 | F42: FRONT RIGHT (UFR) FIXTURE UP | M42: 35 | N42: Y1122 | O42: PROBE CARD ZERO POSITION 03 UNLOCK | U42: 5 | V42: CH5 | W42: VACUUM 02 | Y42: ZSE20B | AA42: B RATE | AB42: 4
D43: 36 | E43: X1023 | F43: FRONT RIGHT (UFR) FIXTURE DOWN | M43: 36 | N43: Y1123 | O43: PROBE CARD ZERO POSITION 04 UNLOCK | U43: 6 | V43: CH6 | W43: SPARE | AA43: MODE | AB43: 1
D44: 37 | E44: X1024 | F44: RIGHT FRONT (URF) FIXTURE UP | M44: 37 | N44: Y1124 | O44: PROBE CARD ZERO POSITION 05 UNLOCK | U44: 7 | V44: CH7 | W44: SPARE | AA44: SW ON↑ | AB44: 1, 3, 5
D45: 38 | E45: X1025 | F45: RIGHT FRONT (URF) FIXTURE DOWN | M45: 38 | N45: Y1125 | O45: SPARE | U45: 8 | V45: CH8 | W45: SPARE | AA45: RS-232 COMM.
D46: 39 | E46: X1026 | F46: RIGHT BACK (URB) FIXTURE UP | M46: 39 | N46: Y1126 | O46: PROBE CARD PCB LOCK 01 | AA46: STATION No. | AB46: Part No. | AC46: 번호 | AF46: Description
D47: 40 | E47: X1027 | F47: RIGHT BACK (URB) FIXTURE DOWN | M47: 40 | N47: Y1127 | O47: PROBE CARD PCB UNLOCK 01 | S47: B RATE | T47: 4
D48: 41 | E48: X1028 | F48: BACK RIGHT (UBR) FIXTURE UP | M48: 41 | N48: Y1128 | O48: PROBE CARD PCB LOCK 02 | S48: MODE | T48: 3
D49: 42 | E49: X1029 | F49: BACK RIGHT (UBR) FIXTURE DOWN | M49: 42 | N49: Y1129 | O49: PROBE CARD PCB UNLOCK 02 | S49: ANALOG INPUT
D50: 43 | E50: X102A | F50: BACK LEFT (UBL) FIXTURE UP | M50: 43 | N50: Y112A | O50: PROBE CARD PCB LOCK 03 | AA50: B RATE | AB50: 4
D51: 44 | E51: X102B | F51: BACK LEFT (UBL) FIXTURE DOWN | M51: 44 | N51: Y112B | O51: PROBE CARD PCB UNLOCK 03 | S51: STATION No. | T51: Part No. | U51: 번호 | V51: I/O | W51: Description | AA51: MODE | AB51: 1
D52: 45 | E52: X102C | F52: LEFT BACK (ULB) FIXTURE UP | M52: 45 | N52: Y112C | O52: PROBE CARD PCB LOCK 04 | AA52: SW ON↑ | AB52: 1, 3, 5
D53: 46 | E53: X102D | F53: LEFT BACK (ULB) FIXTURE DOWN | M53: 46 | N53: Y112D | O53: PROBE CARD PCB UNLOCK 04 | AA53: RS-232 COMM.
D54: 47 | E54: X102E | F54: LEFT FRONT (ULF) FIXTURE UP | M54: 47 | N54: Y112E | O54: PROBE CARD PCB LOCK 05 | AA54: STATION No. | AB54: Part No. | AC54: 번호 | AF54: Description
D55: 48 | E55: X102F | F55: LEFT FRONT (ULF) FIXTURE DOWN | M55: 48 | N55: Y112F | O55: PROBE CARD PCB UNLOCK 05
D56: 49 | E56: X1030 | F56: ISOLATOR (FL) POSITION NORMAL | H56: B접 / Normal Close | M56: 49 | N56: Y1130 | O56: PROBE CARD SAFETY CLAMP ON 01
D57: 50 | E57: X1031 | F57: ISOLATOR (FR) POSITION NORMAL | H57: B접 / Normal Close | M57: 50 | N57: Y1131 | O57: PROBE CARD SAFETY CLAMP OFF 01
D58: 51 | E58: X1032 | F58: ISOLATOR (BR) POSITION NORMAL | H58: B접 / Normal Close | M58: 51 | N58: Y1132 | O58: PROBE CARD SAFETY CLAMP ON 02 | AA58: B RATE | AB58: 4
D59: 52 | E59: X1033 | F59: ISOLATOR (BL) POSITION NORMAL | H59: B접 / Normal Close | M59: 52 | N59: Y1133 | O59: PROBE CARD SAFETY CLAMP OFF 02 | AA59: MODE | AB59: 1
D60: 53 | E60: X1034 | F60: R0 POSITION 01 (0 degree POS.) | M60: 53 | N60: Y1134 | O60: PROBE CARD SAFETY CLAMP ON 03 | AA60: SW ON↑ | AB60: 1, 3, 5
D61: 54 | E61: X1035 | F61: R0 POSITION 02 (90 degree POS.) | M61: 54 | N61: Y1135 | O61: PROBE CARD SAFETY CLAMP OFF 03 | AA61: RS-232 COMM.
D62: 55 | E62: X1036 | F62: R0 POSITION 03 (180 degree POS.) | M62: 55 | N62: Y1136 | O62: PROBE CARD SAFETY CLAMP ON 04 | S62: B RATE | T62: 4 | AA62: STATION No. | AB62: Part No. | AC62: 번호 | AF62: Description
D63: 56 | E63: X1037 | F63: R0 POSITION 04 (270 degree POS.) | M63: 56 | N63: Y1137 | O63: PROBE CARD SAFETY CLAMP OFF 04 | S63: MODE | T63: 3
D64: 57 | E64: X1038 | F64: UZ0 PROBE CARD CHECK 01 (LEFT) | M64: 57 | N64: Y1138 | O64: PROBE CARD SAFETY CLAMP ON 05 | S64: ANALOG INPUT
D65: 58 | E65: X1039 | F65: UZ0 PROBE CARD CHECK 02 (LEFT) | M65: 58 | N65: Y1139 | O65: PROBE CARD SAFETY CLAMP OFF 05
D66: 59 | E66: X103A | F66: UZ0 PROBE CARD CHECK 03 (RIGHT) | M66: 59 | N66: Y113A | O66: SPARE | S66: STATION No. | T66: Part No. | U66: 번호 | V66: I/O | W66: Description | AA66: B RATE | AB66: 4
D67: 60 | E67: X103B | F67: UZ0 PROBE CARD CHECK 04 (RIGHT) | M67: 60 | N67: Y113B | O67: SPARE | AA67: MODE | AB67: 1
D68: 61 | E68: X103C | F68: UZ2 PROBE CARD CHECK 01 (LEFT) | M68: 61 | N68: Y113C | O68: SPARE | AA68: SW ON↑ | AB68: 1, 3, 5
D69: 62 | E69: X103D | F69: UZ2 PROBE CARD CHECK 02 (LEFT) | M69: 62 | N69: Y113D | O69: SPARE | AA69: RS-232 COMM.
D70: 63 | E70: X103E | F70: UZ2 PROBE CARD CHECK 03 (RIGHT) | M70: 63 | N70: Y113E | O70: X-RAY IONIZER SIGN ON | AA70: STATION No. | AB70: Part No. | AC70: 번호 | AF70: Description
D71: 64 | E71: X103F | F71: UZ2 PROBE CARD CHECK 04 (RIGHT) | M71: 64 | N71: Y113F | O71: SPARE
B72: EQ | K72: PC-BOX
B73: 3 | C73: AJ65SBTB1-32D1 | D73: 65 | E73: X1040 | F73: UZ4 PROBE CARD CHECK 01 (LEFT) | K73: 11 | L73: AJ65SBTB1-32T1 | M73: 65 | N73: Y1140 | O73: BUZZER ON
D74: 66 | E74: X1041 | F74: UZ4 PROBE CARD CHECK 02 (LEFT) | M74: 66 | N74: Y1141 | O74: SPARE | AA74: B RATE | AB74: 4
D75: 67 | E75: X1042 | F75: UZ4 PROBE CARD CHECK 03 (RIGHT) | M75: 67 | N75: Y1142 | O75: X-RAY IONIZER 01 REMOTE ON (RMT-ON) | AA75: MODE | AB75: 1
D76: 68 | E76: X1043 | F76: UZ4 PROBE CARD CHECK 04 (RIGHT) | M76: 68 | N76: Y1143 | O76: X-RAY IONIZER 01 INTERLOCK (INT-ON) | AA76: SW ON↑ | AB76: 1, 3, 5
D77: 69 | E77: X1044 | F77: UZ6 PROBE CARD CHECK 01 (LEFT) | M77: 69 | N77: Y1144 | O77: SPARE | S77: B RATE | T77: 4 | AA77: RS-232 COMM.
D78: 70 | E78: X1045 | F78: UZ6 PROBE CARD CHECK 02 (LEFT) | M78: 70 | N78: Y1145 | O78: SPARE | S78: MODE | T78: 3 | AA78: STATION No. | AB78: Part No. | AC78: 번호 | AF78: Description
D79: 71 | E79: X1046 | F79: UZ6 PROBE CARD CHECK 03 (RIGHT) | M79: 71 | N79: Y1146 | O79: SPARE | S79: ANALOG INPUT
D80: 72 | E80: X1047 | F80: UZ6 PROBE CARD CHECK 04 (RIGHT) | M80: 72 | N80: Y1147 | O80: SPARE
D81: 73 | E81: X1048 | F81: UZ8 PROBE CARD CHECK 01 (LEFT) | M81: 73 | N81: Y1148 | O81: SPARE | S81: STATION No. | T81: Part No. | U81: 번호 | V81: I/O | W81: Description
D82: 74 | E82: X1049 | F82: UZ8 PROBE CARD CHECK 02 (LEFT) | M82: 74 | N82: Y1149 | O82: SPARE
D83: 75 | E83: X104A | F83: UZ8 PROBE CARD CHECK 03 (RIGHT) | M83: 75 | N83: Y114A | O83: SPARE
D84: 76 | E84: X104B | F84: UZ8 PROBE CARD CHECK 04 (RIGHT) | M84: 76 | N84: Y114B | O84: SPARE
D85: 77 | E85: X104C | F85: PROBE GANTRY 1 PROBE CARD PCB LOCK 01 CHECK (LEFT) | M85: 77 | N85: Y114C | O85: SPARE
D86: 78 | E86: X104D | F86: PROBE GANTRY 1 PROBE CARD PCB UNLOCK 01 CHECK (LEFT) | M86: 78 | N86: Y114D | O86: SPARE
D87: 79 | E87: X104E | F87: PROBE GANTRY 1 PROBE CARD PCB LOCK 02 CHECK (RIGHT) | M87: 79 | N87: Y114E | O87: SPARE
D88: 80 | E88: X104F | F88: PROBE GANTRY 1 PROBE CARD PCB UNLOCK 02 CHECK (RIGHT) | M88: 80 | N88: Y114F | O88: SPARE
D89: 81 | E89: X1050 | F89: PROBE GANTRY 2 PROBE CARD PCB LOCK 01 CHECK (LEFT) | M89: 81 | N89: Y1150 | O89: SPARE
D90: 82 | E90: X1051 | F90: PROBE GANTRY 2 PROBE CARD PCB UNLOCK 01 CHECK (LEFT) | M90: 82 | N90: Y1151 | O90: SPARE
D91: 83 | E91: X1052 | F91: PROBE GANTRY 2 PROBE CARD PCB LOCK 02 CHECK (RIGHT) | M91: 83 | N91: Y1152 | O91: SPARE
D92: 84 | E92: X1053 | F92: PROBE GANTRY 2 PROBE CARD PCB UNLOCK 02 CHECK (RIGHT) | M92: 84 | N92: Y1153 | O92: SPARE | S92: B RATE | T92: 4
D93: 85 | E93: X1054 | F93: PROBE GANTRY 3 PROBE CARD PCB LOCK 01 CHECK (LEFT) | M93: 85 | N93: Y1154 | O93: SPARE | S93: MODE | T93: 3
D94: 86 | E94: X1055 | F94: PROBE GANTRY 3 PROBE CARD PCB UNLOCK 01 CHECK (LEFT) | M94: 86 | N94: Y1155 | O94: SPARE | S94: ANALOG INPUT
D95: 87 | E95: X1056 | F95: PROBE GANTRY 3 PROBE CARD PCB LOCK 02 CHECK (RIGHT) | M95: 87 | N95: Y1156 | O95: SPARE
D96: 88 | E96: X1057 | F96: PROBE GANTRY 3 PROBE CARD PCB UNLOCK 02 CHECK (RIGHT) | M96: 88 | N96: Y1157 | O96: SPARE | S96: STATION No. | T96: Part No. | U96: 번호 | V96: I/O | W96: Description
D97: 89 | E97: X1058 | F97: PROBE GANTRY 4 PROBE CARD PCB LOCK 01 CHECK (LEFT) | M97: 89 | N97: Y1158 | O97: SPARE
D98: 90 | E98: X1059 | F98: PROBE GANTRY 4 PROBE CARD PCB UNLOCK 01 CHECK (LEFT) | M98: 90 | N98: Y1159 | O98: SPARE
D99: 91 | E99: X105A | F99: PROBE GANTRY 4 PROBE CARD PCB LOCK 02 CHECK (RIGHT) | M99: 91 | N99: Y115A | O99: SPARE
D100: 92 | E100: X105B | F100: PROBE GANTRY 4 PROBE CARD PCB UNLOCK 02 CHECK (RIGHT) | M100: 92 | N100: Y115B | O100: SPARE
...

Sheet 2. T-Memory Map
B2: T4000번지 Memory Map | I2: Option
I3: PACC
B4: No | D4: X Memory | E4: Address | F4: Comment
B5: 1 | C5: FIXTURE | D5: X1000 | E5: T4000 | F5: Front Fixture FWD 01 | H5: EQ, Chamber | I5: T4000 ~ T4699
B6: 2 | D6: X1001 | E6: T4001 | F6: Front Fixture REV 01 | H6: PACC | I6: T4700 ~ T4999
B7: 3 | D7: X1002 | E7: T4002 | F7: Front Fixture FWD 02
B8: 4 | D8: X1003 | E8: T4003 | F8: Front Fixture REV 02
B9: 5 | D9: X1004 | E9: T4004 | F9: Right Fixture FWD 01
B10: 6 | D10: X1005 | E10: T4005 | F10: Right Fixture REV 01
B11: 7 | D11: X1006 | E11: T4006 | F11: Right Fixture FWD 02
B12: 8 | D12: X1007 | E12: T4007 | F12: Right Fixture REV 02
B13: 9 | D13: X1008 | E13: T4008 | F13: Back Fixture FWD 01
B14: 10 | D14: X1009 | E14: T4009 | F14: Back Fixture REV 01
B15: 11 | D15: X100A | E15: T4010 | F15: Back Fixture FWD 02
B16: 12 | D16: X100B | E16: T4011 | F16: Back Fixture REV 02
B17: 13 | D17: X100C | E17: T4012 | F17: Left Fixture FWD 01
B18: 14 | D18: X100D | E18: T4013 | F18: Left Fixture REV 01
... B20: 16 | D20: X100F | E20: T4015 | F20: Left Fixture REV 02
B21: 17 | E21: T4016
B22: 18 | E22: T4017
B23: 19 | E23: T4018
B24: 20 | E24: T4019
B25: 21 | C25: FIXTURE UP / DOWN | D25: X1020 | E25: T4020 | F25: Front Fixture Up 01
B26: 22 | D26: X1021 | E26: T4021 | F26: Front Fixture Down 01
B27: 23 | D27: X1022 | E27: T4022 | F27: Front Fixture Up 02
B28: 24 | D28: X1023 | E28: T4023 | F28: Front Fixture Down 02
B29: 25 | D29: X1024 | E29: T4024 | F29: Right Fixture Up 01
B30: 26 | D30: X1025 | E30: T4025 | F30: Right Fixture Down 01
B31: 27 | D31: X1026 | E31: T4026 | F31: Right Fixture Up 02
B32: 28 | D32: X1027 | E32: T4027 | F32: Right Fixture Down 02
B33: 29 | D33: X1028 | E33: T4028 | F33: Back Fixture Up 01
B34: 30 | D34: X1029 | E34: T4029 | F34: Back Fixture Down 01
B35: 31 | D35: X102A | E35: T4030 | F35: Back Fixture Up 02
B36: 32 | D36: X102B | E36: T4031 | F36: Back Fixture Down 02
B37: 33 | D37: X102C | E37: T4032 | F37: Left Fixture Up 01
... B40: 36 | D40: X102F | E40: T4035 | F40: Left Fixture Down 02
B41: 37 | E41: T4036
B42: 38 | E42: T4037
B43: 39 | E43: T4038
B44: 40 | E44: T4039
B45: 41 | C45: S.FIXTURE | E45: T4040 | F45: Front sFixture FWD 01
B46: 42 | E46: T4041 | F46: Front sFixture REV 01
B47: 43 | E47: T4042 | F47: Front sFixture FWD 02
B48: 44 | E48: T4043 | F48: Front sFixture REV 02
B49: 45 | E49: T4044 | F49: Right sFixture FWD 01
B50: 46 | E50: T4045 | F50: Right sFixture REV 01
B51: 47 | E51: T4046 | F51: Right sFixture FWD 02
B52: 48 | E52: T4047 | F52: Right sFixture REV 02
B53: 49 | E53: T4048 | F53: Back sFixture FWD 01
B54: 50 | E54: T4049 | F54: Back sFixture REV 01
B55: 51 | E55: T4050 | F55: Back sFixture FWD 02
B56: 52 | E56: T4051 | F56: Back sFixture REV 02
B57: 53 | E57: T4052 | F57: Left sFixture FWD 01
... B60: 56 | E60: T4055 | F60: Left sFixture REV 02
B61: 57 | E61: T4056
B62: 58 | E62: T4057
B63: 59 | E63: T4058
B64: 60 | E64: T4059
B65: 61 | C65: S.FIXTURE UP / DOWN | E65: T4060 | F65: Front sFixture Up 01
B66: 62 | E66: T4061 | F66: Front sFixture Down 01
B67: 63 | E67: T4062 | F67: Front sFixture Up 02
B68: 64 | E68: T4063 | F68: Front sFixture Down 02
B69: 65 | E69: T4064 | F69: Right sFixture Up 01
B70: 66 | E70: T4065 | F70: Right sFixture Down 01
B71: 67 | E71: T4066 | F71: Right sFixture Up 02
B72: 68 | E72: T4067 | F72: Right sFixture Down 02
B73: 69 | E73: T4068 | F73: Back sFixture Up 01
B74: 70 | E74: T4069 | F74: Back sFixture Down 01
B75: 71 | E75: T4070 | F75: Back sFixture Up 02
B76: 72 | E76: T4071 | F76: Back sFixture Down 02
B77: 73 | E77: T4072 | F77: Left sFixture Up 01
... B80: 76 | E80: T4075 | F80: Left sFixture Down 02
B81: 77 | E81: T4076
B82: 78 | E82: T4077
B83: 79 | E83: T4078
B84: 80 | E84: T4079
B85: 81 | C85: EMO | D85: X11D0 | E85: T4080 | F85: EMO Push 01
B86: 82 | D86: X11D1 | E86: T4081 | F86: EMO Push 02
B87: 83 | D87: X11D2 | E87: T4082 | F87: EMO Push 03
B88: 84 | D88: X11D3 | E88: T4083 | F88: EMO Push 04
B89: 85 | D89: X11D4 | E89: T4084 | F89: EMO Push 05
B90: 86 | D90: X11D5 | E90: T4085 | F90: EMO Push 06
B91: 87 | D91: X11D6 | E91: T4086 | F91: EMO Push 07
B92: 88 | D92: X11D7 | E92: T4087 | F92: EMO Push 08
B93: 89 | D93: X11D8 | E93: T4088 | F93: EMO Push 09
B94: 90 | D94: X11D9 | E94: T4089 | F94: EMO Push 10
B95: 91 | C95: DOOR | D95: X11E0 | E95: T4090 | F95: Door Open 01
B96: 92 | D96: X11E1 | E96: T4091 | F96: Door Open 02
B97: 93 | D97: X11E2 | E97: T4092 | F97: Door Open 03
B98: 94 | D98: X11E3 | E98: T4093 | F98: Door Open 04
B99: 95 | D99: X11E4 | E99: T4094 | F99: Door Open 05
B100: 96 | D100: X11E5 | E100: T4095 | F100: Door Open 06
B101: 97 | E101: T4096 | F101: Door Open 07
B102: 98 | E102: T4097 | F102: Door Open 08
B103: 99 | E103: T4098 | F103: Door Open 09
B104: 100 | E104: T4099
B105: 101 | C105: DOOR UNLOCK | D105: X11E8 | E105: T4100 | F105: Door Unlock 01
B106: 102 | D106: X11E9 | E106: T4101 | F106: Door Unlock 02
B107: 103 | D107: X11EA | E107: T4102 | F107: Door Unlock 03
B108: 104 | D108: X11EB | E108: T4103 | F108: Door Unlock 04
...

Sheet 3. M-Memory Map
B2: M4000번지 Memory Map
B3: No | C3: T Matching | D3: Address | E3: T Memory | G3: 6K / 8K / SE / STCM | H3: T Memory | J3: SE / OM (Chamber) | K3: T Memory | M3: LO (PACC)
B4: 1 | D4: M4000 | F4: PLC STATE | G4: EQ Ready State To EQ | I4: PLC STATE | J4: EQ Ready State To EQ | L4: PLC STATE | M4: EQ Ready State To EQ
B5: 2 | D5: M4001 | G5: EQ Load State To EQ | J5: EQ Load State To EQ | M5: EQ Load State To EQ
B6: 3 | D6: M4002 | G6: EQ Measure State To EQ | J6: EQ Measure State To EQ | M6: EQ Measure State To EQ
B7: 4 | D7: M4003
B8: 5 | D8: M4004
B9: 6 | D9: M4005 | G9: Initial Complete | J9: Initial Complete | M9: Initial Complete
B10: 7 | D10: M4006
B11: 8 | D11: M4007
B12: 9 | D12: M4008 | G12: PLC Alarm | J12: PLC Alarm | M12: PLC Alarm
B13: 10 | D13: M4009 | G13: PLC Warning | J13: PLC Warning | M13: PLC Warning
B14: 11 | C14: T4080 | D14: M4010 | E14: T4080 | F14: EMO | G14: EMO Push 01 | H14: T4080 | I14: EMO | J14: EMO Push 01 | K14: T4080 | L14: EMO | M14: EMO Push 01
B15: 12 | C15: T4081 | D15: M4011 | E15: T4081 | G15: EMO Push 02 | H15: T4081 | J15: EMO Push 02 | K15: T4081 | M15: EMO Push 02
B16: 13 | C16: T4082 | D16: M4012 | E16: T4082 | G16: EMO Push 03 | H16: T4082 | J16: EMO Push 03 | K16: T4082 | M16: EMO Push 03
B17: 14 | C17: T4083 | D17: M4013 | E17: T4083 | G17: EMO Push 04 | H17: T4083 | J17: EMO Push 04 | K17: T4083 | M17: EMO Push 04
B18: 15 | C18: T4084 | D18: M4014 | E18: T4084 | G18: EMO Push 05 | H18: T4084 | J18: EMO Push 05 | K18: T4084 | M18: EMO Push 05
B19: 16 | C19: T4085 | D19: M4015 | E19: T4085 | G19: EMO Push 06 | H19: T4085 | J19: EMO Push 06 | K19: T4085 | M19: EMO Push 06
B20: 17 | C20: T4086 | D20: M4016 | E20: T4086 | G20: EMO Push 07 | H20: T4086 | J20: EMO Push 07 | K20: T4086 | M20: EMO Push 07
B21: 18 | C21: T4087 | D21: M4017 | E21: T4087 | G21: EMO Push 08 | H21: T4087 | J21: EMO Push 08 | K21: T4087 | M21: EMO Push 08
B22: 19 | C22: T4088 | D22: M4018 | E22: T4088 | G22: EMO Push 09 | H22: T4088 | J22: EMO Push 09 | K22: T4088 | M22: EMO Push 09
B23: 20 | C23: T4089 | D23: M4019 | E23: T4089 | G23: EMO Push 10 | H23: T4089 | J23: EMO Push 10 | K23: T4089 | M23: EMO Push 10
B24: 21 | C24: T4090 | D24: M4020 | E24: T4090 | F24: DOOR | G24: Door Open 01 | H24: T4090 | I24: DOOR | J24: Door Open 01 | K24: T4090 | L24: DOOR | M24: Door Open 01
B25: 22 | C25: T4091 | D25: M4021 | E25: T4091 | G25: Door Open 02 | H25: T4091 | J25: Door Open 02 | K25: T4091 | M25: Door Open 02
B26: 23 | C26: T4092 | D26: M4022 | E26: T4092 | G26: Door Open 03 | H26: T4092 | J26: Door Open 03 | K26: T4092 | M26: Door Open 03
B27: 24 | C27: T4093 | D27: M4023 | E27: T4093 | G27: Door Open 04 | H27: T4093 | J27: Door Open 04 | K27: T4093 | M27: Door Open 04
B28: 25 | C28: T4094 | D28: M4024 | E28: T4094 | G28: Door Open 05 | H28: T4094 | J28: Door Open 05 | K28: T4094 | M28: Door Open 05
B29: 26 | C29: T4095 | D29: M4025 | E29: T4095 | G29: Door Open 06 | H29: T4095 | J29: Door Open 06 | K29: T4095 | M29: Door Open 06
B30: 27 | D30: M4026 | E30: T4096 | G30: Door Open 07 | H30: T4096 | J30: Door Open 07 | K30: T4096 | M30: Door Open 07
B31: 28 | D31: M4027 | E31: T4097 | G31: Door Open 08 | H31: T4097 | J31: Door Open 08 | K31: T4097 | M31: Door Open 08
B32: 29 | D32: M4028 | E32: T4098 | G32: Door Open 09 | H32: T4098 | J32: Door Open 09 | K32: T4098 | M32: Door Open 09
B33: 30 | D33: M4029 | E33: T4099 | G33: Door Open 10 | H33: T4099 | J33: Door Open 10 | K33: T4099 | M33: Door Open 10
B34: 31 | C34: T4100 | D34: M4030 | E34: T4100 | F34: DOOR UNLOCK | G34: Door Unlock 01 | H34: T4100 | I34: DOOR UNLOCK | J34: Door Unlock 01 | K34: T4100 | L34: DOOR UNLOCK | M34: Door Unlock 01
B35: 32 | C35: T4101 | D35: M4031 | E35: T4101 | G35: Door Unlock 02 | H35: T4101 | J35: Door Unlock 02 | K35: T4101 | M35: Door Unlock 02
B36: 33 | C36: T4102 | D36: M4032 | E36: T4102 | G36: Door Unlock 03 | H36: T4102 | J36: Door Unlock 03 | K36: T4102 | M36: Door Unlock 03
B37: 34 | C37: T4103 | D37: M4033 | E37: T4103 | G37: Door Unlock 04 | H37: T4103 | J37: Door Unlock 04 | K37: T4103 | M37: Door Unlock 04
B38: 35 | C38: T4104 | D38: M4034 | E38: T4104 | G38: Door Unlock 05 | H38: T4104 | J38: Door Unlock 05 | K38: T4104 | M38: Door Unlock 05
B39: 36 | C39: T4105 | D39: M4035 | E39: T4105 | G39: Door Unlock 06 | H39: T4105 | J39: Door Unlock 06 | K39: T4105 | M39: Door Unlock 06
B40: 37 | D40: M4036 | E40: T4106 | G40: Door Unlock 07 | H40: T4106 | J40: Door Unlock 07 | K40: T4106 | M40: Door Unlock 07
B41: 38 | D41: M4037 | E41: T4107 | G41: Door Unlock 08 | H41: T4107 | J41: Door Unlock 08 | K41: T4107 | M41: Door Unlock 08
B42: 39 | D42: M4038 | E42: T4108 | G42: Door Unlock 09 | H42: T4108 | J42: Door Unlock 09 | K42: T4108 | M42: Door Unlock 09
B43: 40 | D43: M4039 | E43: T4109 | G43: Door Unlock 10 | H43: T4109 | J43: Door Unlock 10 | K43: T4109 | M43: Door Unlock 10
B44: 41 | C44: T4110 | D44: M4040 | E44: T4110 | F44: DOOR KEY UNREMOVED | G44: Door Key Unremoved 01 | H44: T4110 | I44: DOOR KEY UNREMOVED | J44: Door Key Unremoved 01 | K44: T4110 | L44: DOOR KEY UNREMOVED | M44: Door Key Unremoved 01
B45: 42 | C45: T4111 | D45: M4041 | E45: T4111 | G45: Door Key Unremoved 02 | H45: T4111 | J45: Door Key Unremoved 02 | K45: T4111 | M45: Door Key Unremoved 02
B46: 43 | C46: T4112 | D46: M4042 | E46: T4112 | G46: Door Key Unremoved 03 | H46: T4112 | J46: Door Key Unremoved 03 | K46: T4112 | M46: Door Key Unremoved 03
B47: 44 | C47: T4113 | D47: M4043 | E47: T4113 | G47: Door Key Unremoved 04 | H47: T4113 | J47: Door Key Unremoved 04 | K47: T4113 | M47: Door Key Unremoved 04
B48: 45 | C48: T4114 | D48: M4044 | E48: T4114 | G48: Door Key Unremoved 05 | H48: T4114 | J48: Door Key Unremoved 05 | K48: T4114 | M48: Door Key Unremoved 05
B49: 46 | C49: T4115 | D49: M4045 | E49: T4115 | G49: Door Key Unremoved 06 | H49: T4115 | J49: Door Key Unremoved 06 | K49: T4115 | M49: Door Key Unremoved 06
B50: 47 | D50: M4046 | E50: T4116 | G50: Door Key Unremoved 07 | H50: T4116 | J50: Door Key Unremoved 07 | K50: T4116 | M50: Door Key Unremoved 07
B51: 48 | D51: M4047 | E51: T4117 | G51: Door Key Unremoved 08 | H51: T4117 | J51: Door Key Unremoved 08 | K51: T4117 | M51: Door Key Unremoved 08
B52: 49 | D52: M4048 | E52: T4118 | G52: Door Key Unremoved 09 | H52: T4118 | J52: Door Key Unremoved 09 | K52: T4118 | M52: Door Key Unremoved 09
B53: 50 | D53: M4049 | E53: T4119 | G53: Door Key Unremoved 10 | H53: T4119 | J53: Door Key Unremoved 10 | K53: T4119 | M53: Door Key Unremoved 10
B54: 51 | C54: T4850 | D54: M4050 | E54: T4120 | F54: WINDOW | G54: Window 01 | H54: T4120 | I54: WINDOW | J54: Window 01 | L54: UNIT Z-Axis Position (변경) | M54: UZ0 PRE-AUTO CHANGE ARM CONTACT(UP)
B55: 52 | C55: T4851 | D55: M4051 | E55: T4121 | G55: Window 02 | H55: T4121 | J55: Window 02 | M55: UZ0 AUTO CHANGE ARM CONTACT(CHANGE)
B56: 53 | C56: T4852 | D56: M4052 | E56: T4122 | G56: Window 03 | H56: T4122 | J56: Window 03 | M56: UZ0 PRE-GLASS CONTACT(READY/HOME)
B57: 54 | C57: T4853 | D57: M4053 | E57: T4123 | G57: Window 04 | H57: T4123 | J57: Window 04 | M57: UZ0 GLASS CONTACT(DOWN)
B58: 55 | C58: T4854 | D58: M4054 | E58: T4124 | G58: Window 05 | H58: T4124 | J58: Window 05 | M58: UZ2 PRE-AUTO CHANGE ARM CONTACT(UP)
B59: 56 | C59: T4855 | D59: M4055 | E59: T4125 | G59: Window 06 | H59: T4125 | J59: Window 06 | M59: UZ2 AUTO CHANGE ARM CONTACT(CHANGE)
B60: 57 | C60: T4856 | D60: M4056 | E60: T4126 | G60: Window 07 | H60: T4126 | J60: Window 07 | M60: UZ2 PRE-GLASS CONTACT(READY/HOME)
B61: 58 | C61: T4857 | D61: M4057 | E61: T4127 | G61: Window 08 | H61: T4127 | J61: Window 08 | M61: UZ2 GLASS CONTACT(DOWN)
B62: 59 | C62: T4858 | D62: M4058 | E62: T4128 | G62: Window 09 | H62: T4128 | J62: Window 09 | M62: UZ4 PRE-AUTO CHANGE ARM CONTACT(UP)
B63: 60 | C63: T4859 | D63: M4059 | E63: T4129 | G63: Window 10 | H63: T4129 | J63: Window 10 | M63: UZ4 AUTO CHANGE ARM CONTACT(CHANGE)
B64: 61 | C64: T4860 | D64: M4060 | E64: T4130 | G64: Window 11 | H64: T4130 | J64: Window 11 | M64: UZ4 PRE-GLASS CONTACT(READY/HOME)
B65: 62 | C65: T4861 | D65: M4061 | E65: T4131 | G65: Window 12 | H65: T4131 | J65: Window 12 | M65: UZ4 GLASS CONTACT(DOWN)
B66: 63 | C66: T4862 | D66: M4062 | E66: T4132 | G66: Window 13 | H66: T4132 | J66: Window 13 | M66: UZ6 PRE-AUTO CHANGE ARM CONTACT(UP)
... B73: 70 | C73: T4869 | D73: M4069 | E73: T4139 | G73: Window 20 | H73: T4139 | J73: Window 20 | M73: UZ8 GLASS CONTACT(DOWN)
B74: 71 | C74: T4140 | D74: M4070 | E74: T4140 | F74: MAIN BREAK / CONTROL CP CONTACT | G74: Main GPS On 01 | H74: T4140 | I74: MAIN BREAK / CONTROL CP CONTACT | J74: Main GPS On 01 | K74: T4140 | L74: MAIN BREAK / CONTROL CP CONTACT | M74: Main GPS On 01
B75: 72 | C75: T4141 | D75: M4071 | E75: T4141 | G75: Main UPS On 02 | H75: T4141 | J75: Main UPS On 02 | K75: T4141 | M75: Main UPS On 02
B76: 73 | C76: T4142 | D76: M4072 | E76: T4142 | G76: Main GPS Circuit Breaker Trip | H76: T4142 | J76: Main GPS Circuit Breaker Trip | K76: T4142 | M76: Main GPS Circuit Breaker Trip
B77: 74 | C77: T4143 | D77: M4073 | E77: T4143 | G77: Main UPS Circuit Breaker Trip | H77: T4143 | J77: Main UPS Circuit Breaker Trip | K77: T4143 | M77: Main UPS Circuit Breaker Trip
B78: 75 | C78: T4144 | D78: M4074 | E78: T4144 | G78: 1s Drop Timer On | H78: T4144 | J78: 1s Drop Timer On | K78: T4144 | M78: 1s Drop Timer On
B79: 76 | C79: T4145 | D79: M4075 | E79: T4145 | G79: Safety PLC CP On | H79: T4145 | J79: Safety PLC CP On | K79: T4145 | M79: Safety PLC CP On
B80: 77 | C80: T4146 | D80: M4076 | E80: T4146 | G80: MC CP On | H80: T4146 | J80: MC CP On | K80: T4146 | M80: MC CP On
B81: 78 | C81: T4147 | D81: M4077 | E81: T4147 | G81: SMPS1 CP On | H81: T4147 | J81: SMPS1 CP On | K81: T4147 | M81: SMPS1 CP On
B82: 79 | C82: T4148 | D82: M4078 | E82: T4148 | G82: SMPS1.1 CP On | H82: T4148 | J82: SMPS1.1 CP On | K82: T4148 | M82: SMPS1.1 CP On
B83: 80 | D83: M4079 | E83: T4149 | H83: T4149 | K83: T4149
B84: 81 | C84: T4150 | D84: M4080 | E84: T4150 | F84: MC | G84: MC On 01 | H84: T4150 | I84: MC | J84: MC On 01 | K84: T4150 | L84: MC | M84: MC On 01
B85: 82 | C85: T4151 | D85: M4081 | E85: T4151 | G85: MC On 02 | H85: T4151 | J85: MC On 02 | K85: T4151 | M85: MC On 02
B86: 83 | C86: T4152 | D86: M4082 | E86: T4152 | G86: MC On 03 | H86: T4152 | J86: MC On 03 | K86: T4152 | M86: MC On 03
B87: 84 | C87: T4153 | D87: M4083 | E87: T4153 | G87: MC On 04 | H87: T4153 | J87: MC On 04 | K87: T4153 | M87: MC On 04
B88: 85 | C88: T4154 | D88: M4084 | E88: T4154 | G88: MC On 05 | H88: T4154 | J88: MC On 05 | K88: T4154 | M88: MC On 05
B89: 86 | C89: T4155 | D89: M4085 | E89: T4155 | G89: MC On 06 | H89: T4155 | J89: MC On 06 | K89: T4155 | M89: MC On 06
B90: 87 | C90: T4156 | D90: M4086 | E90: T4156 | G90: MC Power On (EQ) | H90: T4156 | J90: MC Power On (EQ) | K90: T4156 | M90: MC On 07
B91: 88 | C91: T4157 | D91: M4087 | E91: T4157 | G91: MC Power On (PACC) | H91: T4157 | J91: MC Power On (PACC) | K91: T4157 | M91: MC Power On (EQ)
B92: 89 | C92: T4158 | D92: M4088 | E92: T4158 | G92: X-Ray Power On | H92: T4158 | J92: X-Ray Power On | K92: T4158 | M92: MC Power On (PACC)
B93: 90 | C93: T4159 | D93: M4089 | E93: T4159 | H93: T4159 | K93: T4159 | M93: X-Ray Power On
B94: 91 | C94: T4160 | D94: M4090 | E94: T4160 | F94: GLASS SENSOR | G94: Lift Glass Sensor 01 | H94: T4160 | I94: GLASS SENSOR | J94: Lift Glass Sensor 01 | K94: T4160 | L94: GLASS SENSOR | M94: Lift Glass Sensor 01
B95: 92 | D95: M4091 | E95: T4161 | G95: Lift Glass Sensor 02 | H95: T4161 | J95: Lift Glass Sensor 02 | K95: T4161 | M95: Lift Glass Sensor 02
B96: 93 | D96: M4092 | E96: T4162 | G96: Lift Glass Sensor 03 | H96: T4162 | J96: Lift Glass Sensor 03 | K96: T4162 | M96: Lift Glass Sensor 03
B97: 94 | D97: M4093 | E97: T4163 | G97: Lift Glass Sensor 04 | H97: T4163 | J97: Lift Glass Sensor 04 | K97: T4163 | M97: Lift Glass Sensor 04
B98: 95 | D98: M4094
B99: 96 | C99: T4165 | D99: M4095 | E99: T4165 | G99: Sample Plate Glass Sensor 01 | H99: T4165 | J99: Sample Plate Glass Sensor 01 | K99: T4165 | M99: Sample Plate Glass Sensor 01
B100: 97 | D100: M4096 | E100: T4166 | G100: Sample Plate Glass Sensor 02 | H100: T4166 | J100: Sample Plate Glass Sensor 02 | K100: T4166 | M100: Sample Plate Glass Sensor 02
B101: 98 | D101: M4097 | E101: T4167 | G101: Sample Plate Glass Sensor 03 | H101: T4167 | J101: Sample Plate Glass Sensor 03 | K101: T4167 | M101: Sample Plate Glass Sensor 03
B102: 99 | D102: M4098 | E102: T4168 | G102: Sample Plate Glass Sensor 04 | H102: T4168 | J102: Sample Plate Glass Sensor 04 | K102: T4168 | M102: Sample Plate Glass Sensor 04
B103: 100 | D103: M4099
B104: 101 | C104: T4570 | D104: M4100 | E104: T4170 | F104: GLASS EDGE SENSOR | G104: Glass Edge Sensor 01 | H104: T4170 | I104: GLASS EDGE SENSOR | J104: Glass Edge Sensor 01 | L104: BOX DOOR (변경) | M104: E-BOX FRONT DOOR OPEN
B105: 102 | C105: T4571 | D105: M4101 | E105: T4171 | G105: Glass Edge Sensor 02 | H105: T4171 | J105: Glass Edge Sensor 02 | M105: E-BOX REAR DOOR OPEN
B106: 103 | C106: T4572 | D106: M4102 | E106: T4172 | G106: Glass Edge Sensor 03 | H106: T4172 | J106: Glass Edge Sensor 03 | M106: S-BOX FRONT DOOR OPEN
B107: 104 | C107: T4573 | D107: M4103 | E107: T4173 | G107: Glass Edge Sensor 04 | H107: T4173 | J107: Glass Edge Sensor 04 | M107: S-BOX REAR DOOR OPEN
...

Sheet IO List Map
B1: 2022.01.10
E2: A접 센서 | F2: 검정
B3: B RATE | C3: 4 | E3: B접 센서 | F3: 빨강 | K3: B RATE | L3: 4 | S3: B RATE | T3: ='1. IO 작성 Map'!T2 -> 4 | AA3: B RATE | AB3: 4
B4: INPUT | K4: OUTPUT | S4: MODE | T4: ='1. IO 작성 Map'!T3 -> 3 | AA4: MODE | AB4: 1
S5: ANALOG INPUT | AA5: SW ON↑ | AB5: 1, 3, 5
B6: STATION No. | C6: Part No. | D6: 번호 | E6: I/O | F6: Description | G6: T4000 | H6: M4000 | K6: STATION No. | L6: Part No. | M6: 번호 | N6: I/O | O6: Description | P6: M4500 | AA6: RS-232 COMM.
B7: ='1. IO 작성 Map'!B6:F6 -> EQ | K7: ='1. IO 작성 Map'!K6:Q6 -> PROFILE | S7: STATION No. | T7: Part No. | U7: 번호 | V7: I/O | W7: Description | AA7: STATION No. | AB7: Part No. | AC7: 번호 | AF7: Description
B8: ='1. IO 작성 Map'!B7:B38 -> 0 | C8: ='1. IO 작성 Map'!C7:C38 -> 0 | D8: ='1. IO 작성 Map'!D7 -> 1 | E8: ='1. IO 작성 Map'!E7 -> X1000 | F8: ='1. IO 작성 Map'!F7 -> FRONT LEFT (FL) FIXTURE FWD | G8: =VLOOKUP(E8,'2. T-Memory Map'!$D$5:$E$1004,2,FALSE) -> T4000 | H8: =VLOOKUP(G8,'3. M-Memory Map'!$C$4:$D$503,2,FALSE) -> M4430 | K8: ='1. IO 작성 Map'!K7:K38 -> 0 | L8: ='1. IO 작성 Map'!L7:L38 -> 0 | M8: ='1. IO 작성 Map'!M7 -> 1 | N8: ='1. IO 작성 Map'!N7 -> Y1100 | O8: ='1. IO 작성 Map'!O7 -> FRONT FIXTURE FWD | P8: =VLOOKUP(N8,'3. M-Memory Map'!$C$508:$D$1007,2,FALSE) -> M4791 | S8: ='1. IO 작성 Map'!S7:X7 -> Profile I/O Pannel
D9: ='1. IO 작성 Map'!D8 -> 2 | E9: ='1. IO 작성 Map'!E8 -> X1001 | F9: ='1. IO 작성 Map'!F8 -> FRONT LEFT (FL) FIXTURE REV | G9: =VLOOKUP(E9,'2. T-Memory Map'!$D$5:$E$1004,2,FALSE) -> T4001 | H9: =VLOOKUP(G9,'3. M-Memory Map'!$C$4:$D$503,2,FALSE) -> M4431 | M9: ='1. IO 작성 Map'!M8 -> 2 | N9: ='1. IO 작성 Map'!N8 -> Y1101 | O9: ='1. IO 작성 Map'!O8 -> RIGHT FIXTURE FWD | P9: =VLOOKUP(N9,'3. M-Memory Map'!$C$508:$D$1007,2,FALSE) -> M4792 | S9: ='1. IO 작성 Map'!S8:S15 -> 0 | T9: ='1. IO 작성 Map'!T8:T15 -> 0 | U9: ='1. IO 작성 Map'!U8 -> 1 | V9: ='1. IO 작성 Map'!V8 -> CH1 | W9: ='1. IO 작성 Map'!W8 -> CDA 01 | X9: ='1. IO 작성 Map'!X8 -> 0 | Y9: ='1. IO 작성 Map'!Y8 -> ISE20B | AA9: ='1. IO 작성 Map'!AA8 -> 0 | AB9: ='1. IO 작성 Map'!AB8 -> 0 | AC9: ='1. IO 작성 Map'!AC8 -> 0 | AD9: ='1. IO 작성 Map'!AD8:AE8 -> 0 | AF9: ='1. IO 작성 Map'!AF8 -> 0 | AG9: ='1. IO 작성 Map'!AG8 -> 0 | AH9: ='1. IO 작성 Map'!AH8 -> 0
D10: ='1. IO 작성 Map'!D9 -> 3 | E10: ='1. IO 작성 Map'!E9 -> X1002 | F10: ='1. IO 작성 Map'!F9 -> FRONT RIGHT (FR) FIXTURE FWD | G10: =VLOOKUP(E10,'2. T-Memory Map'!$D$5:$E$1004,2,FALSE) -> T4002 | H10: =VLOOKUP(G10,'3. M-Memory Map'!$C$4:$D$503,2,FALSE) -> M4432 | M10: ='1. IO 작성 Map'!M9 -> 3 | N10: ='1. IO 작성 Map'!N9 -> Y1102 | O10: ='1. IO 작성 Map'!O9 -> BACK FIXTURE FWD | P10: =VLOOKUP(N10,'3. M-Memory Map'!$C$508:$D$1007,2,FALSE) -> M4793 | U10: ='1. IO 작성 Map'!U9 -> 2 | V10: ='1. IO 작성 Map'!V9 -> CH2 | W10: ='1. IO 작성 Map'!W9 -> CDA 02 | X10: ='1. IO 작성 Map'!X9 -> 0 | Y10: ='1. IO 작성 Map'!Y9 -> ISE20B
D11: ='1. IO 작성 Map'!D10 -> 4 | E11: ='1. IO 작성 Map'!E10 -> X1003 | F11: ='1. IO 작성 Map'!F10 -> FRONT RIGHT (FR) FIXTURE REV | G11: =VLOOKUP(E11,'2. T-Memory Map'!$D$5:$E$1004,2,FALSE) -> T4003 | H11: =VLOOKUP(G11,'3. M-Memory Map'!$C$4:$D$503,2,FALSE) -> M4433 | M11: ='1. IO 작성 Map'!M10 -> 4 | N11: ='1. IO 작성 Map'!N10 -> Y1103 | O11: ='1. IO 작성 Map'!O10 -> LEFT FIXTURE FWD | P11: =VLOOKUP(N11,'3. M-Memory Map'!$C$508:$D$1007,2,FALSE) -> M4794 | U11: ='1. IO 작성 Map'!U10 -> 3 | V11: ='1. IO 작성 Map'!V10 -> CH3 | W11: ='1. IO 작성 Map'!W10 -> CDA 03 | X11: ='1. IO 작성 Map'!X10 -> 0 | Y11: ='1. IO 작성 Map'!Y10 -> ISE20B | AA11: B RATE | AB11: 4
D12: ='1. IO 작성 Map'!D11 -> 5 | E12: ='1. IO 작성 Map'!E11 -> X1004 | F12: ='1. IO 작성 Map'!F11 -> RIGHT FRONT (RF) FIXTURE FWD | G12: =VLOOKUP(E12,'2. T-Memory Map'!$D$5:$E$1004,2,FALSE) -> T4004 | H12: =VLOOKUP(G12,'3. M-Memory Map'!$C$4:$D$503,2,FALSE) -> M4434 | M12: ='1. IO 작성 Map'!M11 -> 5 | N12: ='1. IO 작성 Map'!N11 -> Y1104 | O12: ='1. IO 작성 Map'!O11 -> SPARE | P12: =VLOOKUP(N12,'3. M-Memory Map'!$C$508:$D$1007,2,FALSE) -> #N/A | U12: ='1. IO 작성 Map'!U11 -> 4 | V12: ='1. IO 작성 Map'!V11 -> CH4 | W12: ='1. IO 작성 Map'!W11 -> FIXTURE 01 | X12: ='1. IO 작성 Map'!X11 -> 0 | Y12: ='1. IO 작성 Map'!Y11 -> ISE20B | AA12: MODE | AB12: 1
D13: ='1. IO 작성 Map'!D12 -> 6 | E13: ='1. IO 작성 Map'!E12 -> X1005 | F13: ='1. IO 작성 Map'!F12 -> RIGHT FRONT (RF) FIXTURE REV | G13: =VLOOKUP(E13,'2. T-Memory Map'!$D$5:$E$1004,2,FALSE) -> T4005 | H13: =VLOOKUP(G13,'3. M-Memory Map'!$C$4:$D$503,2,FALSE) -> M4435 | M13: ='1. IO 작성 Map'!M12 -> 6 | N13: ='1. IO 작성 Map'!N12 -> Y1105 | O13: ='1. IO 작성 Map'!O12 -> SPARE | P13: =VLOOKUP(N13,'3. M-Memory Map'!$C$508:$D$1007,2,FALSE) -> #N/A | U13: ='1. IO 작성 Map'!U12 -> 5 | V13: ='1. IO 작성 Map'!V12 -> CH5 | W13: ='1. IO 작성 Map'!W12 -> FIXTURE 02 | X13: ='1. IO 작성 Map'!X12 -> 0 | Y13: ='1. IO 작성 Map'!Y12 -> ISE20B | AA13: SW ON↑ | AB13: 1, 3, 5
D14: ='1. IO 작성 Map'!D13 -> 7 | E14: ='1. IO 작성 Map'!E13 -> X1006 | F14: ='1. IO 작성 Map'!F13 -> RIGHT BACK (RB) FIXTURE FWD | G14: =VLOOKUP(E14,'2. T-Memory Map'!$D$5:$E$1004,2,FALSE) -> T4006 | H14: =VLOOKUP(G14,'3. M-Memory Map'!$C$4:$D$503,2,FALSE) -> M4436 | M14: ='1. IO 작성 Map'!M13 -> 7 | N14: ='1. IO 작성 Map'!N13 -> Y1106 | O14: ='1. IO 작성 Map'!O13 -> SAMPLE PLATE BLOWING | P14: =VLOOKUP(N14,'3. M-Memory Map'!$C$508:$D$1007,2,FALSE) -> M4810 | U14: ='1. IO 작성 Map'!U13 -> 6 | V14: ='1. IO 작성 Map'!V13 -> CH6 | W14: ='1. IO 작성 Map'!W13 -> ISOLATOR 01 | X14: ='1. IO 작성 Map'!X13 -> 0 | Y14: ='1. IO 작성 Map'!Y13 -> ISE20B | AA14: RS-232 COMM.
D15: ='1. IO 작성 Map'!D14 -> 8 | E15: ='1. IO 작성 Map'!E14 -> X1007 | F15: ='1. IO 작성 Map'!F14 -> RIGHT BACK (RB) FIXTURE REV | G15: =VLOOKUP(E15,'2. T-Memory Map'!$D$5:$E$1004,2,FALSE) -> T4007 | H15: =VLOOKUP(G15,'3. M-Memory Map'!$C$4:$D$503,2,FALSE) -> M4437 | M15: ='1. IO 작성 Map'!M14 -> 8 | N15: ='1. IO 작성 Map'!N14 -> Y1107 | O15: ='1. IO 작성 Map'!O14 -> SPARE | P15: =VLOOKUP(N15,'3. M-Memory Map'!$C$508:$D$1007,2,FALSE) -> #N/A | U15: ='1. IO 작성 Map'!U14 -> 7 | V15: ='1. IO 작성 Map'!V14 -> CH7 | W15: ='1. IO 작성 Map'!W14 -> ISOLATOR 02 | X15: ='1. IO 작성 Map'!X14 -> 0 | Y15: ='1. IO 작성 Map'!Y14 -> ISE20B | AA15: STATION No. | AB15: Part No. | AC15: 번호 | AF15: Description
D16: ='1. IO 작성 Map'!D15 -> 9 | E16: ='1. IO 작성 Map'!E15 -> X1008 | F16: ='1. IO 작성 Map'!F15 -> BACK RIGHT (BR) FIXTURE FWD | G16: =VLOOKUP(E16,'2. T-Memory Map'!$D$5:$E$1004,2,FALSE) -> T4008 | H16: =VLOOKUP(G16,'3. M-Memory Map'!$C$4:$D$503,2,FALSE) -> M4438 | M16: ='1. IO 작성 Map'!M15 -> 9 | N16: ='1. IO 작성 Map'!N15 -> Y1108 | O16: ='1. IO 작성 Map'!O15 -> SAMPLE PLATE VACUUM | P16: =VLOOKUP(N16,'3. M-Memory Map'!$C$508:$D$1007,2,FALSE) -> M4830 | U16: ='1. IO 작성 Map'!U15 -> 8 | V16: ='1. IO 작성 Map'!V15 -> CH8 | W16: ='1. IO 작성 Map'!W15 -> SHUTTER | X16: ='1. IO 작성 Map'!X15 -> 0 | Y16: ='1. IO 작성 Map'!Y15 -> ISE20B
D17: ='1. IO 작성 Map'!D16 -> 10 | E17: ='1. IO 작성 Map'!E16 -> X1009 | F17: ='1. IO 작성 Map'!F16 -> BACK RIGHT (BR) FIXTURE REV | G17: =VLOOKUP(E17,'2. T-Memory Map'!$D$5:$E$1004,2,FALSE) -> T4009 | H17: =VLOOKUP(G17,'3. M-Memory Map'!$C$4:$D$503,2,FALSE) -> M4439 | M17: ='1. IO 작성 Map'!M16 -> 10 | N17: ='1. IO 작성 Map'!N16 -> Y1109 | O17: ='1. IO 작성 Map'!O16 -> SPARE | P17: =VLOOKUP(N17,'3. M-Memory Map'!$C$508:$D$1007,2,FALSE) -> #N/A | AA17: ='1. IO 작성 Map'!AA16 -> 0 | AB17: ='1. IO 작성 Map'!AB16 -> 0 | AC17: ='1. IO 작성 Map'!AC16 -> 0 | AD17: ='1. IO 작성 Map'!AD16:AE16 -> 0 | AF17: ='1. IO 작성 Map'!AF16 -> 0 | AG17: ='1. IO 작성 Map'!AG16 -> 0 | AH17: ='1. IO 작성 Map'!AH16 -> 0
D18: ='1. IO 작성 Map'!D17 -> 11 | E18: ='1. IO 작성 Map'!E17 -> X100A | F18: ='1. IO 작성 Map'!F17 -> BACK LEFT (BL) FIXTURE FWD | G18: =VLOOKUP(E18,'2. T-Memory Map'!$D$5:$E$1004,2,FALSE) -> T4010 | H18: =VLOOKUP(G18,'3. M-Memory Map'!$C$4:$D$503,2,FALSE) -> M4440 | M18: ='1. IO 작성 Map'!M17 -> 11 | N18: ='1. IO 작성 Map'!N17 -> Y110A | O18: ='1. IO 작성 Map'!O17 -> SHUTTER OPEN | P18: =VLOOKUP(N18,'3. M-Memory Map'!$C$508:$D$1007,2,FALSE) -> M4541 | S18: B RATE | T18: ='1. IO 작성 Map'!T17 -> 4
D19: ='1. IO 작성 Map'!D18 -> 12 | E19: ='1. IO 작성 Map'!E18 -> X100B | F19: ='1. IO 작성 Map'!F18 -> BACK LEFT (BL) FIXTURE REV | G19: =VLOOKUP(E19,'2. T-Memory Map'!$D$5:$E$1004,2,FALSE) -> T4011 | H19: =VLOOKUP(G19,'3. M-Memory Map'!$C$4:$D$503,2,FALSE) -> M4441 | M19: ='1. IO 작성 Map'!M18 -> 12 | N19: ='1. IO 작성 Map'!N18 -> Y110B | O19: ='1. IO 작성 Map'!O18 -> SHUTTER CLOSE | P19: =VLOOKUP(N19,'3. M-Memory Map'!$C$508:$D$1007,2,FALSE) -> M4540 | S19: MODE | T19: ='1. IO 작성 Map'!T18 -> 3 | AA19: B RATE | AB19: 4
D20: ='1. IO 작성 Map'!D19 -> 13 | E20: ='1. IO 작성 Map'!E19 -> X100C | F20: ='1. IO 작성 Map'!F19 -> LEFT BACK (LB) FIXTURE FWD | G20: =VLOOKUP(E20,'2. T-Memory Map'!$D$5:$E$1004,2,FALSE) -> T4012 | H20: =VLOOKUP(G20,'3. M-Memory Map'!$C$4:$D$503,2,FALSE) -> M4442 | M20: ='1. IO 작성 Map'!M19 -> 13 | N20: ='1. IO 작성 Map'!N19 -> Y110C | O20: ='1. IO 작성 Map'!O19 -> SPARE | P20: =VLOOKUP(N20,'3. M-Memory Map'!$C$508:$D$1007,2,FALSE) -> #N/A | S20: ANALOG INPUT | AA20: MODE | AB20: 1
D21: ='1. IO 작성 Map'!D20 -> 14 | E21: ='1. IO 작성 Map'!E20 -> X100D | F21: ='1. IO 작성 Map'!F20 -> LEFT BACK (LB) FIXTURE REV | G21: =VLOOKUP(E21,'2. T-Memory Map'!$D$5:$E$1004,2,FALSE) -> T4013 | H21: =VLOOKUP(G21,'3. M-Memory Map'!$C$4:$D$503,2,FALSE) -> M4443 | M21: ='1. IO 작성 Map'!M20 -> 14 | N21: ='1. IO 작성 Map'!N20 -> Y110D | O21: ='1. IO 작성 Map'!O20 -> SPARE | P21: =VLOOKUP(N21,'3. M-Memory Map'!$C$508:$D$1007,2,FALSE) -> #N/A | AA21: SW ON↑ | AB21: 1, 3, 5
D22: ='1. IO 작성 Map'!D21 -> 15 | E22: ='1. IO 작성 Map'!E21 -> X100E | F22: ='1. IO 작성 Map'!F21 -> LEFT FRONT (LF) FIXTURE FWD | G22: =VLOOKUP(E22,'2. T-Memory Map'!$D$5:$E$1004,2,FALSE) -> T4014 | H22: =VLOOKUP(G22,'3. M-Memory Map'!$C$4:$D$503,2,FALSE) -> M4444 | M22: ='1. IO 작성 Map'!M21 -> 15 | N22: ='1. IO 작성 Map'!N21 -> Y110E | O22: ='1. IO 작성 Map'!O21 -> SPARE | P22: =VLOOKUP(N22,'3. M-Memory Map'!$C$508:$D$1007,2,FALSE) -> #N/A | S22: STATION No. | T22: Part No. | U22: 번호 | V22: I/O | W22: Description | AA22: RS-232 COMM.
D23: ='1. IO 작성 Map'!D22 -> 16 | E23: ='1. IO 작성 Map'!E22 -> X100F | F23: ='1. IO 작성 Map'!F22 -> LEFT FRONT (LF) FIXTURE REV | G23: =VLOOKUP(E23,'2. T-Memory Map'!$D$5:$E$1004,2,FALSE) -> T4015 | H23: =VLOOKUP(G23,'3. M-Memory Map'!$C$4:$D$503,2,FALSE) -> M4445 | M23: ='1. IO 작성 Map'!M22 -> 16 | N23: ='1. IO 작성 Map'!N22 -> Y110F | O23: ='1. IO 작성 Map'!O22 -> SPARE | P23: =VLOOKUP(N23,'3. M-Memory Map'!$C$508:$D$1007,2,FALSE) -> #N/A | S23: ='1. IO 작성 Map'!S22:X22 -> Profile I/O Pannel | AA23: STATION No. | AB23: Part No. | AC23: 번호 | AF23: Description
D24: ='1. IO 작성 Map'!D23 -> 17 | E24: ='1. IO 작성 Map'!E23 -> X1010 | F24: ='1. IO 작성 Map'!F23 -> LIFT PIN GLASS CHECK 01 | G24: =VLOOKUP(E24,'2. T-Memory Map'!$D$5:$E$1004,2,FALSE) -> T4160 | H24: =VLOOKUP(G24,'3. M-Memory Map'!$C$4:$D$503,2,FALSE) -> M4090 | M24: ='1. IO 작성 Map'!M23 -> 17 | N24: ='1. IO 작성 Map'!N23 -> Y1110 | O24: ='1. IO 작성 Map'!O23 -> FIXTURE UP | P24: =VLOOKUP(N24,'3. M-Memory Map'!$C$508:$D$1007,2,FALSE) -> M4795 | S24: ='1. IO 작성 Map'!S23:S30 -> 0 | T24: ='1. IO 작성 Map'!T23:T30 -> 0 | U24: ='1. IO 작성 Map'!U23 -> 1 | V24: ='1. IO 작성 Map'!V23 -> CH1 | W24: ='1. IO 작성 Map'!W23 -> PROBE MODULE_1 | X24: ='1. IO 작성 Map'!X23 -> 0 | Y24: ='1. IO 작성 Map'!Y23 -> ISE20B
D25: ='1. IO 작성 Map'!D24 -> 18 | E25: ='1. IO 작성 Map'!E24 -> X1011 | F25: ='1. IO 작성 Map'!F24 -> SAMPLE PLATE GLASS CHECK 01 | G25: =VLOOKUP(E25,'2. T-Memory Map'!$D$5:$E$1004,2,FALSE) -> T4165 | H25: =VLOOKUP(G25,'3. M-Memory Map'!$C$4:$D$503,2,FALSE) -> M4095 | M25: ='1. IO 작성 Map'!M24 -> 18 | N25: ='1. IO 작성 Map'!N24 -> Y1111 | O25: ='1. IO 작성 Map'!O24 -> SPARE | P25: =VLOOKUP(N25,'3. M-Memory Map'!$C$508:$D$1007,2,FALSE) -> #N/A | U25: ='1. IO 작성 Map'!U24 -> 2 | V25: ='1. IO 작성 Map'!V24 -> CH2 | W25: ='1. IO 작성 Map'!W24 -> PROBE MODULE_2 | X25: ='1. IO 작성 Map'!X24 -> 0 | Y25: ='1. IO 작성 Map'!Y24 -> ISE20B | AA25: ='1. IO 작성 Map'!AA24 -> 0 | AB25: ='1. IO 작성 Map'!AB24 -> 0 | AC25: ='1. IO 작성 Map'!AC24 -> 0 | AD25: ='1. IO 작성 Map'!AD24:AE24 -> 0 | AF25: ='1. IO 작성 Map'!AF24 -> 0 | AG25: ='1. IO 작성 Map'!AG24 -> 0 | AH25: ='1. IO 작성 Map'!AH24 -> 0
D26: ='1. IO 작성 Map'!D25 -> 19 | E26: ='1. IO 작성 Map'!E25 -> X1012 | F26: ='1. IO 작성 Map'!F25 -> LIFT PIN DOWN | G26: =VLOOKUP(E26,'2. T-Memory Map'!$D$5:$E$1004,2,FALSE) -> T4231 | H26: =VLOOKUP(G26,'3. M-Memory Map'!$C$4:$D$503,2,FALSE) -> M4161 | M26: ='1. IO 작성 Map'!M25 -> 19 | N26: ='1. IO 작성 Map'!N25 -> Y1112 | O26: ='1. IO 작성 Map'!O25 -> SIGNAL TOWER RED | P26: =VLOOKUP(N26,'3. M-Memory Map'!$C$508:$D$1007,2,FALSE) -> M4930 | U26: ='1. IO 작성 Map'!U25 -> 3 | V26: ='1. IO 작성 Map'!V25 -> CH3 | W26: ='1. IO 작성 Map'!W25 -> PROBE MODULE_3 | X26: ='1. IO 작성 Map'!X25 -> 0 | Y26: ='1. IO 작성 Map'!Y25 -> ISE20B
D27: ='1. IO 작성 Map'!D26 -> 20 | E27: ='1. IO 작성 Map'!E26 -> X1013 | F27: ='1. IO 작성 Map'!F26 -> LIFT PIN UP | G27: =VLOOKUP(E27,'2. T-Memory Map'!$D$5:$E$1004,2,FALSE) -> T4230 | H27: =VLOOKUP(G27,'3. M-Memory Map'!$C$4:$D$503,2,FALSE) -> M4160 | M27: ='1. IO 작성 Map'!M26 -> 20 | N27: ='1. IO 작성 Map'!N26 -> Y1113 | O27: ='1. IO 작성 Map'!O26 -> SIGNAL TOWER YELLOW | P27: =VLOOKUP(N27,'3. M-Memory Map'!$C$508:$D$1007,2,FALSE) -> M4931 | U27: ='1. IO 작성 Map'!U26 -> 4 | V27: ='1. IO 작성 Map'!V26 -> CH4 | W27: ='1. IO 작성 Map'!W26 -> PROBE MODULE_4 | X27: ='1. IO 작성 Map'!X26 -> 0 | Y27: ='1. IO 작성 Map'!Y26 -> ISE20B | AA27: B RATE | AB27: 4
D28: ='1. IO 작성 Map'!D27 -> 21 | E28: ='1. IO 작성 Map'!E27 -> X1014 | F28: ='1. IO 작성 Map'!F27 -> X0-UNLOADING POSITION (HEAD GANTRY 1) | G28: =VLOOKUP(E28,'2. T-Memory Map'!$D$5:$E$1004,2,FALSE) -> T4240 | H28: =VLOOKUP(G28,'3. M-Memory Map'!$C$4:$D$503,2,FALSE) -> M4170 | M28: ='1. IO 작성 Map'!M27 -> 21 | N28: ='1. IO 작성 Map'!N27 -> Y1114 | O28: ='1. IO 작성 Map'!O27 -> SIGNAL TOWER GREEN | P28: =VLOOKUP(N28,'3. M-Memory Map'!$C$508:$D$1007,2,FALSE) -> M4932 | U28: ='1. IO 작성 Map'!U27 -> 5 | V28: ='1. IO 작성 Map'!V27 -> CH5 | W28: ='1. IO 작성 Map'!W27 -> PROBE MODULE_5 | X28: ='1. IO 작성 Map'!X27 -> 0 | Y28: ='1. IO 작성 Map'!Y27 -> ISE20B | AA28: MODE | AB28: 1
D29: ='1. IO 작성 Map'!D28 -> 22 | E29: ='1. IO 작성 Map'!E28 -> X1015 | F29: ='1. IO 작성 Map'!F28 -> X2-UNLOADING POSITION (HEAD GANTRY 2) | G29: =VLOOKUP(E29,'2. T-Memory Map'!$D$5:$E$1004,2,FALSE) -> T4241 | H29: =VLOOKUP(G29,'3. M-Memory Map'!$C$4:$D$503,2,FALSE) -> M4171 | M29: ='1. IO 작성 Map'!M28 -> 22 | N29: ='1. IO 작성 Map'!N28 -> Y1115 | O29: ='1. IO 작성 Map'!O28 -> SPARE | P29: =VLOOKUP(N29,'3. M-Memory Map'!$C$508:$D$1007,2,FALSE) -> #N/A | U29: ='1. IO 작성 Map'!U28 -> 6 | V29: ='1. IO 작성 Map'!V28 -> CH6 | W29: ='1. IO 작성 Map'!W28 -> ZERO POSITION_1 | X29: ='1. IO 작성 Map'!X28 -> 0 | Y29: ='1. IO 작성 Map'!Y28 -> ISE20B | AA29: SW ON↑ | AB29: 1, 3, 5
D30: ='1. IO 작성 Map'!D29 -> 23 | E30: ='1. IO 작성 Map'!E29 -> X1016 | F30: ='1. IO 작성 Map'!F29 -> SP_X-UNLOADING POSITION (SAMPLE PLATE) | G30: =VLOOKUP(E30,'2. T-Memory Map'!$D$5:$E$1004,2,FALSE) -> T4242 | H30: =VLOOKUP(G30,'3. M-Memory Map'!$C$4:$D$503,2,FALSE) -> M4172 | M30: ='1. IO 작성 Map'!M29 -> 23 | N30: ='1. IO 작성 Map'!N29 -> Y1116 | O30: ='1. IO 작성 Map'!O29 -> SIGNAL TOWER BUZZER 01 | P30: =VLOOKUP(N30,'3. M-Memory Map'!$C$508:$D$1007,2,FALSE) -> M4925 | U30: ='1. IO 작성 Map'!U29 -> 7 | V30: ='1. IO 작성 Map'!V29 -> CH7 | W30: ='1. IO 작성 Map'!W29 -> ZERO POSITION_2 | X30: ='1. IO 작성 Map'!X29 -> 0 | Y30: ='1. IO 작성 Map'!Y29 -> ISE20B | AA30: RS-232 COMM.
D31: ='1. IO 작성 Map'!D30 -> 24 | E31: ='1. IO 작성 Map'!E30 -> X1017 | F31: ='1. IO 작성 Map'!F30 -> Y0-UNLOADING POSITION (HEAD1) | G31: =VLOOKUP(E31,'2. T-Memory Map'!$D$5:$E$1004,2,FALSE) -> T4243 | H31: =VLOOKUP(G31,'3. M-Memory Map'!$C$4:$D$503,2,FALSE) -> M4173 | M31: ='1. IO 작성 Map'!M30 -> 24 | N31: ='1. IO 작성 Map'!N30 -> Y1117 | O31: ='1. IO 작성 Map'!O30 -> SPARE | P31: =VLOOKUP(N31,'3. M-Memory Map'!$C$508:$D$1007,2,FALSE) -> #N/A | U31: ='1. IO 작성 Map'!U30 -> 8 | V31: ='1. IO 작성 Map'!V30 -> CH8 | W31: ='1. IO 작성 Map'!W30 -> ZERO POSITION_3 | X31: ='1. IO 작성 Map'!X30 -> 0 | Y31: ='1. IO 작성 Map'!Y30 -> ISE20B | AA31: STATION No. | AB31: Part No. | AC31: 번호 | AF31: Description
D32: ='1. IO 작성 Map'!D31 -> 25 | E32: ='1. IO 작성 Map'!E31 -> X1018 | F32: ='1. IO 작성 Map'!F31 -> Y1-UNLOADING POSITION (HEAD2) | G32: =VLOOKUP(E32,'2. T-Memory Map'!$D$5:$E$1004,2,FALSE) -> T4244 | H32: =VLOOKUP(G32,'3. M-Memory Map'!$C$4:$D$503,2,FALSE) -> M4174 | M32: ='1. IO 작성 Map'!M31 -> 25 | N32: ='1. IO 작성 Map'!N31 -> Y1118 | O32: ='1. IO 작성 Map'!O31 -> VOICE BUZZER CH1 ON | P32: =VLOOKUP(N32,'3. M-Memory Map'!$C$508:$D$1007,2,FALSE) -> #N/A
D33: ='1. IO 작성 Map'!D32 -> 26 | E33: ='1. IO 작성 Map'!E32 -> X1019 | F33: ='1. IO 작성 Map'!F32 -> Y2-UNLOADING POSITION (HEAD3) | G33: =VLOOKUP(E33,'2. T-Memory Map'!$D$5:$E$1004,2,FALSE) -> T4245 | H33: =VLOOKUP(G33,'3. M-Memory Map'!$C$4:$D$503,2,FALSE) -> M4175 | M33: ='1. IO 작성 Map'!M32 -> 26 | N33: ='1. IO 작성 Map'!N32 -> Y1119 | O33: ='1. IO 작성 Map'!O32 -> VOICE BUZZER CH2 ON | P33: =VLOOKUP(N33,'3. M-Memory Map'!$C$508:$D$1007,2,FALSE) -> #N/A | S33: B RATE | T33: ='1. IO 작성 Map'!T32 -> 4 | AA33: ='1. IO 작성 Map'!AA32 -> 0 | AB33: ='1. IO 작성 Map'!AB32 -> 0 | AC33: ='1. IO 작성 Map'!AC32 -> 0 | AD33: ='1. IO 작성 Map'!AD32:AE32 -> 0 | AF33: ='1. IO 작성 Map'!AF32 -> 0 | AG33: ='1. IO 작성 Map'!AG32 -> 0 | AH33: ='1. IO 작성 Map'!AH32 -> 0
D34: ='1. IO 작성 Map'!D33 -> 27 | E34: ='1. IO 작성 Map'!E33 -> X101A | F34: ='1. IO 작성 Map'!F33 -> Y3-UNLOADING POSITION (HEAD4) | G34: =VLOOKUP(E34,'2. T-Memory Map'!$D$5:$E$1004,2,FALSE) -> T4246 | H34: =VLOOKUP(G34,'3. M-Memory Map'!$C$4:$D$503,2,FALSE) -> M4176 | M34: ='1. IO 작성 Map'!M33 -> 27 | N34: ='1. IO 작성 Map'!N33 -> Y111A | O34: ='1. IO 작성 Map'!O33 -> VOICE BUZZER CH3 ON | P34: =VLOOKUP(N34,'3. M-Memory Map'!$C$508:$D$1007,2,FALSE) -> #N/A | S34: MODE | T34: ='1. IO 작성 Map'!T33 -> 3
D35: ='1. IO 작성 Map'!D34 -> 28 | E35: ='1. IO 작성 Map'!E34 -> X101B | F35: ='1. IO 작성 Map'!F34 -> X4-UNLOADING POSITION (PROBE GANTRY 1) | G35: =VLOOKUP(E35,'2. T-Memory Map'!$D$5:$E$1004,2,FALSE) -> T4340 | H35: =VLOOKUP(G35,'3. M-Memory Map'!$C$4:$D$503,2,FALSE) -> M4490 | M35: ='1. IO 작성 Map'!M34 -> 28 | N35: ='1. IO 작성 Map'!N34 -> Y111B | O35: ='1. IO 작성 Map'!O34 -> VOICE BUZZER CH4 ON | P35: =VLOOKUP(N35,'3. M-Memory Map'!$C$508:$D$1007,2,FALSE) -> #N/A | S35: ANALOG INPUT | AA35: B RATE | AB35: 4
D36: ='1. IO 작성 Map'!D35 -> 29 | E36: ='1. IO 작성 Map'!E35 -> X101C | F36: ='1. IO 작성 Map'!F35 -> X6-UNLOADING POSITION (PROBE GANTRY 2) | G36: =VLOOKUP(E36,'2. T-Memory Map'!$D$5:$E$1004,2,FALSE) -> T4341 | H36: =VLOOKUP(G36,'3. M-Memory Map'!$C$4:$D$503,2,FALSE) -> M4491 | M36: ='1. IO 작성 Map'!M35 -> 29 | N36: ='1. IO 작성 Map'!N35 -> Y111C | O36: ='1. IO 작성 Map'!O35 -> VOICE BUZZER CH5 ON (RESERVED) | P36: =VLOOKUP(N36,'3. M-Memory Map'!$C$508:$D$1007,2,FALSE) -> #N/A | AA36: MODE | AB36: 1
D37: ='1. IO 작성 Map'!D36 -> 30 | E37: ='1. IO 작성 Map'!E36 -> X101D | F37: ='1. IO 작성 Map'!F36 -> X8-UNLOADING POSITION (PROBE GANTRY 3) | G37: =VLOOKUP(E37,'2. T-Memory Map'!$D$5:$E$1004,2,FALSE) -> T4342 | H37: =VLOOKUP(G37,'3. M-Memory Map'!$C$4:$D$503,2,FALSE) -> M4492 | M37: ='1. IO 작성 Map'!M36 -> 30 | N37: ='1. IO 작성 Map'!N36 -> Y111D | O37: ='1. IO 작성 Map'!O36 -> VOICE BUZZER CH6 ON (RESERVED) | P37: =VLOOKUP(N37,'3. M-Memory Map'!$C$508:$D$1007,2,FALSE) -> #N/A | S37: STATION No. | T37: Part No. | U37: 번호 | V37: I/O | W37: Description | AA37: SW ON↑ | AB37: 1, 3, 5
D38: ='1. IO 작성 Map'!D37 -> 31 | E38: ='1. IO 작성 Map'!E37 -> X101E | F38: ='1. IO 작성 Map'!F37 -> X10-UNLOADING POSITION (PROBE GANTRY 4) | G38: =VLOOKUP(E38,'2. T-Memory Map'!$D$5:$E$1004,2,FALSE) -> T4343 | H38: =VLOOKUP(G38,'3. M-Memory Map'!$C$4:$D$503,2,FALSE) -> M4493 | M38: ='1. IO 작성 Map'!M37 -> 31 | N38: ='1. IO 작성 Map'!N37 -> Y111E | O38: ='1. IO 작성 Map'!O37 -> VOICE BUZZER CH7 ON (RESERVED) | P38: =VLOOKUP(N38,'3. M-Memory Map'!$C$508:$D$1007,2,FALSE) -> #N/A | S38: ='1. IO 작성 Map'!S37:X37 -> HI-BOX | AA38: RS-232 COMM.
D39: ='1. IO 작성 Map'!D38 -> 32 | E39: ='1. IO 작성 Map'!E38 -> X101F | F39: ='1. IO 작성 Map'!F38 -> X12-UNLOADING POSITION (PROBE GANTRY 5) | G39: =VLOOKUP(E39,'2. T-Memory Map'!$D$5:$E$1004,2,FALSE) -> T4344 | H39: =VLOOKUP(G39,'3. M-Memory Map'!$C$4:$D$503,2,FALSE) -> M4494 | M39: ='1. IO 작성 Map'!M38 -> 32 | N39: ='1. IO 작성 Map'!N38 -> Y111F | O39: ='1. IO 작성 Map'!O38 -> VOICE BUZZER CH8 ON (RESERVED) | P39: =VLOOKUP(N39,'3. M-Memory Map'!$C$508:$D$1007,2,FALSE) -> #N/A | S39: ='1. IO 작성 Map'!S38:S45 -> 0 | T39: ='1. IO 작성 Map'!T38:T45 -> 0 | U39: ='1. IO 작성 Map'!U38 -> 1 | V39: ='1. IO 작성 Map'!V38 -> CH1 | W39: ='1. IO 작성 Map'!W38 -> ZERO POSITION_4 | X39: ='1. IO 작성 Map'!X38 -> 0 | Y39: ='1. IO 작성 Map'!Y38 -> ISE20B | AA39: STATION No. | AB39: Part No. | AC39: 번호 | AF39: Description
B40: ='1. IO 작성 Map'!B39:F39 -> EQ | K40: ='1. IO 작성 Map'!K39:Q39 -> PROFILE | U40: ='1. IO 작성 Map'!U39 -> 2 | V40: ='1. IO 작성 Map'!V39 -> CH2 | W40: ='1. IO 작성 Map'!W39 -> ZERO POSITION_5 | X40: ='1. IO 작성 Map'!X39 -> 0 | Y40: ='1. IO 작성 Map'!Y39 -> ISE20B
B41: ='1. IO 작성 Map'!B40:B71 -> 0 | C41: ='1. IO 작성 Map'!C40:C71 -> 0 | D41: ='1. IO 작성 Map'!D40 -> 33 | E41: ='1. IO 작성 Map'!E40 -> X1020 | F41: ='1. IO 작성 Map'!F40 -> FRONT LEFT (UFL) FIXTURE UP | G41: =VLOOKUP(E41,'2. T-Memory Map'!$D$5:$E$1004,2,FALSE) -> T4020 | H41: =VLOOKUP(G41,'3. M-Memory Map'!$C$4:$D$503,2,FALSE) -> M4450 | K41: ='1. IO 작성 Map'!K40:K71 -> 0 | L41: ='1. IO 작성 Map'!L40:L71 -> 0 | M41: ='1. IO 작성 Map'!M40 -> 33 | N41: ='1. IO 작성 Map'!N40 -> Y1120 | O41: ='1. IO 작성 Map'!O40 -> PROBE CARD ZERO POSITION 01 UNLOCK | P41: =VLOOKUP(N41,'3. M-Memory Map'!$C$508:$D$1007,2,FALSE) -> M4960 | U41: ='1. IO 작성 Map'!U40 -> 3 | V41: ='1. IO 작성 Map'!V40 -> CH3 | W41: ='1. IO 작성 Map'!W40 -> PLATE BLOW_VACUUM 01 | X41: ='1. IO 작성 Map'!X40 -> 0 | Y41: ='1. IO 작성 Map'!Y40 -> ZSE20BF | AA41: ='1. IO 작성 Map'!AA40 -> 0 | AB41: ='1. IO 작성 Map'!AB40 -> 0 | AC41: ='1. IO 작성 Map'!AC40 -> 0 | AD41: ='1. IO 작성 Map'!AD40:AE40 -> 0 | AF41: ='1. IO 작성 Map'!AF40 -> 0 | AG41: ='1. IO 작성 Map'!AG40 -> 0 | AH41: ='1. IO 작성 Map'!AH40 -> 0
D42: ='1. IO 작성 Map'!D41 -> 34 | E42: ='1. IO 작성 Map'!E41 -> X1021 | F42: ='1. IO 작성 Map'!F41 -> FRONT LEFT (UFL) FIXTURE DOWN | G42: =VLOOKUP(E42,'2. T-Memory Map'!$D$5:$E$1004,2,FALSE) -> T4021 | H42: =VLOOKUP(G42,'3. M-Memory Map'!$C$4:$D$503,2,FALSE) -> M4451 | M42: ='1. IO 작성 Map'!M41 -> 34 | N42: ='1. IO 작성 Map'!N41 -> Y1121 | O42: ='1. IO 작성 Map'!O41 -> PROBE CARD ZERO POSITION 02 UNLOCK | P42: =VLOOKUP(N42,'3. M-Memory Map'!$C$508:$D$1007,2,FALSE) -> M4961 | U42: ='1. IO 작성 Map'!U41 -> 4 | V42: ='1. IO 작성 Map'!V41 -> CH4 | W42: ='1. IO 작성 Map'!W41 -> VACUUM 01 | X42: ='1. IO 작성 Map'!X41 -> 0 | Y42: ='1. IO 작성 Map'!Y41 -> ZSE20B
D43: ='1. IO 작성 Map'!D42 -> 35 | E43: ='1. IO 작성 Map'!E42 -> X1022 | F43: ='1. IO 작성 Map'!F42 -> FRONT RIGHT (UFR) FIXTURE UP | G43: =VLOOKUP(E43,'2. T-Memory Map'!$D$5:$E$1004,2,FALSE) -> T4022 | H43: =VLOOKUP(G43,'3. M-Memory Map'!$C$4:$D$503,2,FALSE) -> M4452 | M43: ='1. IO 작성 Map'!M42 -> 35 | N43: ='1. IO 작성 Map'!N42 -> Y1122 | O43: ='1. IO 작성 Map'!O42 -> PROBE CARD ZERO POSITION 03 UNLOCK | P43: =VLOOKUP(N43,'3. M-Memory Map'!$C$508:$D$1007,2,FALSE) -> M4962 | U43: ='1. IO 작성 Map'!U42 -> 5 | V43: ='1. IO 작성 Map'!V42 -> CH5 | W43: ='1. IO 작성 Map'!W42 -> VACUUM 02 | X43: ='1. IO 작성 Map'!X42 -> 0 | Y43: ='1. IO 작성 Map'!Y42 -> ZSE20B | AA43: B RATE | AB43: 4
D44: ='1. IO 작성 Map'!D43 -> 36 | E44: ='1. IO 작성 Map'!E43 -> X1023 | F44: ='1. IO 작성 Map'!F43 -> FRONT RIGHT (UFR) FIXTURE DOWN | G44: =VLOOKUP(E44,'2. T-Memory Map'!$D$5:$E$1004,2,FALSE) -> T4023 | H44: =VLOOKUP(G44,'3. M-Memory Map'!$C$4:$D$503,2,FALSE) -> M4453 | M44: ='1. IO 작성 Map'!M43 -> 36 | N44: ='1. IO 작성 Map'!N43 -> Y1123 | O44: ='1. IO 작성 Map'!O43 -> PROBE CARD ZERO POSITION 04 UNLOCK | P44: =VLOOKUP(N44,'3. M-Memory Map'!$C$508:$D$1007,2,FALSE) -> M4963 | U44: ='1. IO 작성 Map'!U43 -> 6 | V44: ='1. IO 작성 Map'!V43 -> CH6 | W44: ='1. IO 작성 Map'!W43 -> SPARE | X44: ='1. IO 작성 Map'!X43 -> 0 | Y44: ='1. IO 작성 Map'!Y43 -> 0 | AA44: MODE | AB44: 1
D45: ='1. IO 작성 Map'!D44 -> 37 | E45: ='1. IO 작성 Map'!E44 -> X1024 | F45: ='1. IO 작성 Map'!F44 -> RIGHT FRONT (URF) FIXTURE UP | G45: =VLOOKUP(E45,'2. T-Memory Map'!$D$5:$E$1004,2,FALSE) -> T4024 | H45: =VLOOKUP(G45,'3. M-Memory Map'!$C$4:$D$503,2,FALSE) -> M4454 | M45: ='1. IO 작성 Map'!M44 -> 37 | N45: ='1. IO 작성 Map'!N44 -> Y1124 | O45: ='1. IO 작성 Map'!O44 -> PROBE CARD ZERO POSITION 05 UNLOCK | P45: =VLOOKUP(N45,'3. M-Memory Map'!$C$508:$D$1007,2,FALSE) -> M4964 | U45: ='1. IO 작성 Map'!U44 -> 7 | V45: ='1. IO 작성 Map'!V44 -> CH7 | W45: ='1. IO 작성 Map'!W44 -> SPARE | X45: ='1. IO 작성 Map'!X44 -> 0 | Y45: ='1. IO 작성 Map'!Y44 -> 0 | AA45: SW ON↑ | AB45: 1, 3, 5
D46: ='1. IO 작성 Map'!D45 -> 38 | E46: ='1. IO 작성 Map'!E45 -> X1025 | F46: ='1. IO 작성 Map'!F45 -> RIGHT FRONT (URF) FIXTURE DOWN | G46: =VLOOKUP(E46,'2. T-Memory Map'!$D$5:$E$1004,2,FALSE) -> T4025 | H46: =VLOOKUP(G46,'3. M-Memory Map'!$C$4:$D$503,2,FALSE) -> M4455 | M46: ='1. IO 작성 Map'!M45 -> 38 | N46: ='1. IO 작성 Map'!N45 -> Y1125 | O46: ='1. IO 작성 Map'!O45 -> SPARE | P46: =VLOOKUP(N46,'3. M-Memory Map'!$C$508:$D$1007,2,FALSE) -> #N/A | U46: ='1. IO 작성 Map'!U45 -> 8 | V46: ='1. IO 작성 Map'!V45 -> CH8 | W46: ='1. IO 작성 Map'!W45 -> SPARE | X46: ='1. IO 작성 Map'!X45 -> 0 | Y46: ='1. IO 작성 Map'!Y45 -> 0 | AA46: RS-232 COMM.
D47: ='1. IO 작성 Map'!D46 -> 39 | E47: ='1. IO 작성 Map'!E46 -> X1026 | F47: ='1. IO 작성 Map'!F46 -> RIGHT BACK (URB) FIXTURE UP | G47: =VLOOKUP(E47,'2. T-Memory Map'!$D$5:$E$1004,2,FALSE) -> T4026 | H47: =VLOOKUP(G47,'3. M-Memory Map'!$C$4:$D$503,2,FALSE) -> M4456 | M47: ='1. IO 작성 Map'!M46 -> 39 | N47: ='1. IO 작성 Map'!N46 -> Y1126 | O47: ='1. IO 작성 Map'!O46 -> PROBE CARD PCB LOCK 01 | P47: =VLOOKUP(N47,'3. M-Memory Map'!$C$508:$D$1007,2,FALSE) -> M4950 | AA47: STATION No. | AB47: Part No. | AC47: 번호 | AF47: Description
D48: ='1. IO 작성 Map'!D47 -> 40 | E48: ='1. IO 작성 Map'!E47 -> X1027 | F48: ='1. IO 작성 Map'!F47 -> RIGHT BACK (URB) FIXTURE DOWN | G48: =VLOOKUP(E48,'2. T-Memory Map'!$D$5:$E$1004,2,FALSE) -> T4027 | H48: =VLOOKUP(G48,'3. M-Memory Map'!$C$4:$D$503,2,FALSE) -> M4457 | M48: ='1. IO 작성 Map'!M47 -> 40 | N48: ='1. IO 작성 Map'!N47 -> Y1127 | O48: ='1. IO 작성 Map'!O47 -> PROBE CARD PCB UNLOCK 01 | P48: =VLOOKUP(N48,'3. M-Memory Map'!$C$508:$D$1007,2,FALSE) -> M4951 | S48: B RATE | T48: ='1. IO 작성 Map'!T47 -> 4
D49: ='1. IO 작성 Map'!D48 -> 41 | E49: ='1. IO 작성 Map'!E48 -> X1028 | F49: ='1. IO 작성 Map'!F48 -> BACK RIGHT (UBR) FIXTURE UP | G49: =VLOOKUP(E49,'2. T-Memory Map'!$D$5:$E$1004,2,FALSE) -> T4028 | H49: =VLOOKUP(G49,'3. M-Memory Map'!$C$4:$D$503,2,FALSE) -> M4458 | M49: ='1. IO 작성 Map'!M48 -> 41 | N49: ='1. IO 작성 Map'!N48 -> Y1128 | O49: ='1. IO 작성 Map'!O48 -> PROBE CARD PCB LOCK 02 | P49: =VLOOKUP(N49,'3. M-Memory Map'!$C$508:$D$1007,2,FALSE) -> M4952 | S49: MODE | T49: ='1. IO 작성 Map'!T48 -> 3 | AA49: ='1. IO 작성 Map'!AA48 -> 0 | AB49: ='1. IO 작성 Map'!AB48 -> 0 | AC49: ='1. IO 작성 Map'!AC48 -> 0 | AD49: ='1. IO 작성 Map'!AD48:AE48 -> 0 | AF49: ='1. IO 작성 Map'!AF48 -> 0 | AG49: ='1. IO 작성 Map'!AG48 -> 0 | AH49: ='1. IO 작성 Map'!AH48 -> 0
D50: ='1. IO 작성 Map'!D49 -> 42 | E50: ='1. IO 작성 Map'!E49 -> X1029 | F50: ='1. IO 작성 Map'!F49 -> BACK RIGHT (UBR) FIXTURE DOWN | G50: =VLOOKUP(E50,'2. T-Memory Map'!$D$5:$E$1004,2,FALSE) -> T4029 | H50: =VLOOKUP(G50,'3. M-Memory Map'!$C$4:$D$503,2,FALSE) -> M4459 | M50: ='1. IO 작성 Map'!M49 -> 42 | N50: ='1. IO 작성 Map'!N49 -> Y1129 | O50: ='1. IO 작성 Map'!O49 -> PROBE CARD PCB UNLOCK 02 | P50: =VLOOKUP(N50,'3. M-Memory Map'!$C$508:$D$1007,2,FALSE) -> M4953 | S50: ANALOG INPUT
D51: ='1. IO 작성 Map'!D50 -> 43 | E51: ='1. IO 작성 Map'!E50 -> X102A | F51: ='1. IO 작성 Map'!F50 -> BACK LEFT (UBL) FIXTURE UP | G51: =VLOOKUP(E51,'2. T-Memory Map'!$D$5:$E$1004,2,FALSE) -> T4030 | H51: =VLOOKUP(G51,'3. M-Memory Map'!$C$4:$D$503,2,FALSE) -> M4460 | M51: ='1. IO 작성 Map'!M50 -> 43 | N51: ='1. IO 작성 Map'!N50 -> Y112A | O51: ='1. IO 작성 Map'!O50 -> PROBE CARD PCB LOCK 03 | P51: =VLOOKUP(N51,'3. M-Memory Map'!$C$508:$D$1007,2,FALSE) -> M4954 | AA51: B RATE | AB51: 4
D52: ='1. IO 작성 Map'!D51 -> 44 | E52: ='1. IO 작성 Map'!E51 -> X102B | F52: ='1. IO 작성 Map'!F51 -> BACK LEFT (UBL) FIXTURE DOWN | G52: =VLOOKUP(E52,'2. T-Memory Map'!$D$5:$E$1004,2,FALSE) -> T4031 | H52: =VLOOKUP(G52,'3. M-Memory Map'!$C$4:$D$503,2,FALSE) -> M4461 | M52: ='1. IO 작성 Map'!M51 -> 44 | N52: ='1. IO 작성 Map'!N51 -> Y112B | O52: ='1. IO 작성 Map'!O51 -> PROBE CARD PCB UNLOCK 03 | P52: =VLOOKUP(N52,'3. M-Memory Map'!$C$508:$D$1007,2,FALSE) -> M4955 | S52: STATION No. | T52: Part No. | U52: 번호 | V52: I/O | W52: Description | AA52: MODE | AB52: 1
D53: ='1. IO 작성 Map'!D52 -> 45 | E53: ='1. IO 작성 Map'!E52 -> X102C | F53: ='1. IO 작성 Map'!F52 -> LEFT BACK (ULB) FIXTURE UP | G53: =VLOOKUP(E53,'2. T-Memory Map'!$D$5:$E$1004,2,FALSE) -> T4032 | H53: =VLOOKUP(G53,'3. M-Memory Map'!$C$4:$D$503,2,FALSE) -> M4462 | M53: ='1. IO 작성 Map'!M52 -> 45 | N53: ='1. IO 작성 Map'!N52 -> Y112C | O53: ='1. IO 작성 Map'!O52 -> PROBE CARD PCB LOCK 04 | P53: =VLOOKUP(N53,'3. M-Memory Map'!$C$508:$D$1007,2,FALSE) -> M4956 | S53: ='1. IO 작성 Map'!S52:X52 -> 0 | AA53: SW ON↑ | AB53: 1, 3, 5
D54: ='1. IO 작성 Map'!D53 -> 46 | E54: ='1. IO 작성 Map'!E53 -> X102D | F54: ='1. IO 작성 Map'!F53 -> LEFT BACK (ULB) FIXTURE DOWN | G54: =VLOOKUP(E54,'2. T-Memory Map'!$D$5:$E$1004,2,FALSE) -> T4033 | H54: =VLOOKUP(G54,'3. M-Memory Map'!$C$4:$D$503,2,FALSE) -> M4463 | M54: ='1. IO 작성 Map'!M53 -> 46 | N54: ='1. IO 작성 Map'!N53 -> Y112D | O54: ='1. IO 작성 Map'!O53 -> PROBE CARD PCB UNLOCK 04 | P54: =VLOOKUP(N54,'3. M-Memory Map'!$C$508:$D$1007,2,FALSE) -> M4957 | S54: ='1. IO 작성 Map'!S53:S60 -> 0 | T54: ='1. IO 작성 Map'!T53:T60 -> 0 | U54: ='1. IO 작성 Map'!U53 -> 0 | V54: ='1. IO 작성 Map'!V53 -> 0 | W54: ='1. IO 작성 Map'!W53 -> 0 | X54: ='1. IO 작성 Map'!X53 -> 0 | Y54: ='1. IO 작성 Map'!Y53 -> 0 | AA54: RS-232 COMM.
D55: ='1. IO 작성 Map'!D54 -> 47 | E55: ='1. IO 작성 Map'!E54 -> X102E | F55: ='1. IO 작성 Map'!F54 -> LEFT FRONT (ULF) FIXTURE UP | G55: =VLOOKUP(E55,'2. T-Memory Map'!$D$5:$E$1004,2,FALSE) -> T4034 | H55: =VLOOKUP(G55,'3. M-Memory Map'!$C$4:$D$503,2,FALSE) -> M4464 | M55: ='1. IO 작성 Map'!M54 -> 47 | N55: ='1. IO 작성 Map'!N54 -> Y112E | O55: ='1. IO 작성 Map'!O54 -> PROBE CARD PCB LOCK 05 | P55: =VLOOKUP(N55,'3. M-Memory Map'!$C$508:$D$1007,2,FALSE) -> M4958 | U55: ='1. IO 작성 Map'!U54 -> 0 | V55: ='1. IO 작성 Map'!V54 -> 0 | W55: ='1. IO 작성 Map'!W54 -> 0 | X55: ='1. IO 작성 Map'!X54 -> 0 | Y55: ='1. IO 작성 Map'!Y54 -> 0 | AA55: STATION No. | AB55: Part No. | AC55: 번호 | AF55: Description
D56: ='1. IO 작성 Map'!D55 -> 48 | E56: ='1. IO 작성 Map'!E55 -> X102F | F56: ='1. IO 작성 Map'!F55 -> LEFT FRONT (ULF) FIXTURE DOWN | G56: =VLOOKUP(E56,'2. T-Memory Map'!$D$5:$E$1004,2,FALSE) -> T4035 | H56: =VLOOKUP(G56,'3. M-Memory Map'!$C$4:$D$503,2,FALSE) -> M4465 | M56: ='1. IO 작성 Map'!M55 -> 48 | N56: ='1. IO 작성 Map'!N55 -> Y112F | O56: ='1. IO 작성 Map'!O55 -> PROBE CARD PCB UNLOCK 05 | P56: =VLOOKUP(N56,'3. M-Memory Map'!$C$508:$D$1007,2,FALSE) -> M4959 | U56: ='1. IO 작성 Map'!U55 -> 0 | V56: ='1. IO 작성 Map'!V55 -> 0 | W56: ='1. IO 작성 Map'!W55 -> 0 | X56: ='1. IO 작성 Map'!X55 -> 0 | Y56: ='1. IO 작성 Map'!Y55 -> 0
D57: ='1. IO 작성 Map'!D56 -> 49 | E57: ='1. IO 작성 Map'!E56 -> X1030 | F57: ='1. IO 작성 Map'!F56 -> ISOLATOR (FL) POSITION NORMAL | G57: =VLOOKUP(E57,'2. T-Memory Map'!$D$5:$E$1004,2,FALSE) -> T4330 | H57: =VLOOKUP(G57,'3. M-Memory Map'!$C$4:$D$503,2,FALSE) -> M4250 | M57: ='1. IO 작성 Map'!M56 -> 49 | N57: ='1. IO 작성 Map'!N56 -> Y1130 | O57: ='1. IO 작성 Map'!O56 -> PROBE CARD SAFETY CLAMP ON 01 | P57: =VLOOKUP(N57,'3. M-Memory Map'!$C$508:$D$1007,2,FALSE) -> M4890 | U57: ='1. IO 작성 Map'!U56 -> 0 | V57: ='1. IO 작성 Map'!V56 -> 0 | W57: ='1. IO 작성 Map'!W56 -> 0 | X57: ='1. IO 작성 Map'!X56 -> 0 | Y57: ='1. IO 작성 Map'!Y56 -> 0 | AA57: ='1. IO 작성 Map'!AA56 -> 0 | AB57: ='1. IO 작성 Map'!AB56 -> 0 | AC57: ='1. IO 작성 Map'!AC56 -> 0 | AD57: ='1. IO 작성 Map'!AD56:AE56 -> 0 | AF57: ='1. IO 작성 Map'!AF56 -> 0 | AG57: ='1. IO 작성 Map'!AG56 -> 0 | AH57: ='1. IO 작성 Map'!AH56 -> 0
D58: ='1. IO 작성 Map'!D57 -> 50 | E58: ='1. IO 작성 Map'!E57 -> X1031 | F58: ='1. IO 작성 Map'!F57 -> ISOLATOR (FR) POSITION NORMAL | G58: =VLOOKUP(E58,'2. T-Memory Map'!$D$5:$E$1004,2,FALSE) -> T4331 | H58: =VLOOKUP(G58,'3. M-Memory Map'!$C$4:$D$503,2,FALSE) -> M4251 | M58: ='1. IO 작성 Map'!M57 -> 50 | N58: ='1. IO 작성 Map'!N57 -> Y1131 | O58: ='1. IO 작성 Map'!O57 -> PROBE CARD SAFETY CLAMP OFF 01 | P58: =VLOOKUP(N58,'3. M-Memory Map'!$C$508:$D$1007,2,FALSE) -> M4891 | U58: ='1. IO 작성 Map'!U57 -> 0 | V58: ='1. IO 작성 Map'!V57 -> 0 | W58: ='1. IO 작성 Map'!W57 -> 0 | X58: ='1. IO 작성 Map'!X57 -> 0 | Y58: ='1. IO 작성 Map'!Y57 -> 0
D59: ='1. IO 작성 Map'!D58 -> 51 | E59: ='1. IO 작성 Map'!E58 -> X1032 | F59: ='1. IO 작성 Map'!F58 -> ISOLATOR (BR) POSITION NORMAL | G59: =VLOOKUP(E59,'2. T-Memory Map'!$D$5:$E$1004,2,FALSE) -> T4332 | H59: =VLOOKUP(G59,'3. M-Memory Map'!$C$4:$D$503,2,FALSE) -> M4252 | M59: ='1. IO 작성 Map'!M58 -> 51 | N59: ='1. IO 작성 Map'!N58 -> Y1132 | O59: ='1. IO 작성 Map'!O58 -> PROBE CARD SAFETY CLAMP ON 02 | P59: =VLOOKUP(N59,'3. M-Memory Map'!$C$508:$D$1007,2,FALSE) -> M4892 | U59: ='1. IO 작성 Map'!U58 -> 0 | V59: ='1. IO 작성 Map'!V58 -> 0 | W59: ='1. IO 작성 Map'!W58 -> 0 | X59: ='1. IO 작성 Map'!X58 -> 0 | Y59: ='1. IO 작성 Map'!Y58 -> 0 | AA59: B RATE | AB59: 4
D60: ='1. IO 작성 Map'!D59 -> 52 | E60: ='1. IO 작성 Map'!E59 -> X1033 | F60: ='1. IO 작성 Map'!F59 -> ISOLATOR (BL) POSITION NORMAL | G60: =VLOOKUP(E60,'2. T-Memory Map'!$D$5:$E$1004,2,FALSE) -> T4333 | H60: =VLOOKUP(G60,'3. M-Memory Map'!$C$4:$D$503,2,FALSE) -> M4253 | M60: ='1. IO 작성 Map'!M59 -> 52 | N60: ='1. IO 작성 Map'!N59 -> Y1133 | O60: ='1. IO 작성 Map'!O59 -> PROBE CARD SAFETY CLAMP OFF 02 | P60: =VLOOKUP(N60,'3. M-Memory Map'!$C$508:$D$1007,2,FALSE) -> M4893 | U60: ='1. IO 작성 Map'!U59 -> 0 | V60: ='1. IO 작성 Map'!V59 -> 0 | W60: ='1. IO 작성 Map'!W59 -> 0 | X60: ='1. IO 작성 Map'!X59 -> 0 | Y60: ='1. IO 작성 Map'!Y59 -> 0 | AA60: MODE | AB60: 1
D61: ='1. IO 작성 Map'!D60 -> 53 | E61: ='1. IO 작성 Map'!E60 -> X1034 | F61: ='1. IO 작성 Map'!F60 -> R0 POSITION 01 (0 degree POS.) | G61: =VLOOKUP(E61,'2. T-Memory Map'!$D$5:$E$1004,2,FALSE) -> T4460 | H61: =VLOOKUP(G61,'3. M-Memory Map'!$C$4:$D$503,2,FALSE) -> M4400 | M61: ='1. IO 작성 Map'!M60 -> 53 | N61: ='1. IO 작성 Map'!N60 -> Y1134 | O61: ='1. IO 작성 Map'!O60 -> PROBE CARD SAFETY CLAMP ON 03 | P61: =VLOOKUP(N61,'3. M-Memory Map'!$C$508:$D$1007,2,FALSE) -> M4894 | U61: ='1. IO 작성 Map'!U60 -> 0 | V61: ='1. IO 작성 Map'!V60 -> 0 | W61: ='1. IO 작성 Map'!W60 -> 0 | X61: ='1. IO 작성 Map'!X60 -> 0 | Y61: ='1. IO 작성 Map'!Y60 -> 0 | AA61: SW ON↑ | AB61: 1, 3, 5
D62: ='1. IO 작성 Map'!D61 -> 54 | E62: ='1. IO 작성 Map'!E61 -> X1035 | F62: ='1. IO 작성 Map'!F61 -> R0 POSITION 02 (90 degree POS.) | G62: =VLOOKUP(E62,'2. T-Memory Map'!$D$5:$E$1004,2,FALSE) -> T4461 | H62: =VLOOKUP(G62,'3. M-Memory Map'!$C$4:$D$503,2,FALSE) -> M4401 | M62: ='1. IO 작성 Map'!M61 -> 54 | N62: ='1. IO 작성 Map'!N61 -> Y1135 | O62: ='1. IO 작성 Map'!O61 -> PROBE CARD SAFETY CLAMP OFF 03 | P62: =VLOOKUP(N62,'3. M-Memory Map'!$C$508:$D$1007,2,FALSE) -> M4895 | AA62: RS-232 COMM.
D63: ='1. IO 작성 Map'!D62 -> 55 | E63: ='1. IO 작성 Map'!E62 -> X1036 | F63: ='1. IO 작성 Map'!F62 -> R0 POSITION 03 (180 degree POS.) | G63: =VLOOKUP(E63,'2. T-Memory Map'!$D$5:$E$1004,2,FALSE) -> T4462 | H63: =VLOOKUP(G63,'3. M-Memory Map'!$C$4:$D$503,2,FALSE) -> M4402 | M63: ='1. IO 작성 Map'!M62 -> 55 | N63: ='1. IO 작성 Map'!N62 -> Y1136 | O63: ='1. IO 작성 Map'!O62 -> PROBE CARD SAFETY CLAMP ON 04 | P63: =VLOOKUP(N63,'3. M-Memory Map'!$C$508:$D$1007,2,FALSE) -> M4896 | S63: B RATE | T63: ='1. IO 작성 Map'!T62 -> 4 | AA63: STATION No. | AB63: Part No. | AC63: 번호 | AF63: Description
D64: ='1. IO 작성 Map'!D63 -> 56 | E64: ='1. IO 작성 Map'!E63 -> X1037 | F64: ='1. IO 작성 Map'!F63 -> R0 POSITION 04 (270 degree POS.) | G64: =VLOOKUP(E64,'2. T-Memory Map'!$D$5:$E$1004,2,FALSE) -> T4463 | H64: =VLOOKUP(G64,'3. M-Memory Map'!$C$4:$D$503,2,FALSE) -> M4403 | M64: ='1. IO 작성 Map'!M63 -> 56 | N64: ='1. IO 작성 Map'!N63 -> Y1137 | O64: ='1. IO 작성 Map'!O63 -> PROBE CARD SAFETY CLAMP OFF 04 | P64: =VLOOKUP(N64,'3. M-Memory Map'!$C$508:$D$1007,2,FALSE) -> M4897 | S64: MODE | T64: ='1. IO 작성 Map'!T63 -> 3
D65: ='1. IO 작성 Map'!D64 -> 57 | E65: ='1. IO 작성 Map'!E64 -> X1038 | F65: ='1. IO 작성 Map'!F64 -> UZ0 PROBE CARD CHECK 01 (LEFT) | G65: =VLOOKUP(E65,'2. T-Memory Map'!$D$5:$E$1004,2,FALSE) -> T4880 | H65: =VLOOKUP(G65,'3. M-Memory Map'!$C$4:$D$503,2,FALSE) -> M4290 | M65: ='1. IO 작성 Map'!M64 -> 57 | N65: ='1. IO 작성 Map'!N64 -> Y1138 | O65: ='1. IO 작성 Map'!O64 -> PROBE CARD SAFETY CLAMP ON 05 | P65: =VLOOKUP(N65,'3. M-Memory Map'!$C$508:$D$1007,2,FALSE) -> M4898 | S65: ANALOG INPUT | AA65: ='1. IO 작성 Map'!AA64 -> 0 | AB65: ='1. IO 작성 Map'!AB64 -> 0 | AC65: ='1. IO 작성 Map'!AC64 -> 0 | AD65: ='1. IO 작성 Map'!AD64:AE64 -> 0 | AF65: ='1. IO 작성 Map'!AF64 -> 0 | AG65: ='1. IO 작성 Map'!AG64 -> 0 | AH65: ='1. IO 작성 Map'!AH64 -> 0
D66: ='1. IO 작성 Map'!D65 -> 58 | E66: ='1. IO 작성 Map'!E65 -> X1039 | F66: ='1. IO 작성 Map'!F65 -> UZ0 PROBE CARD CHECK 02 (LEFT) | G66: =VLOOKUP(E66,'2. T-Memory Map'!$D$5:$E$1004,2,FALSE) -> T4881 | H66: =VLOOKUP(G66,'3. M-Memory Map'!$C$4:$D$503,2,FALSE) -> M4291 | M66: ='1. IO 작성 Map'!M65 -> 58 | N66: ='1. IO 작성 Map'!N65 -> Y1139 | O66: ='1. IO 작성 Map'!O65 -> PROBE CARD SAFETY CLAMP OFF 05 | P66: =VLOOKUP(N66,'3. M-Memory Map'!$C$508:$D$1007,2,FALSE) -> M4899
D67: ='1. IO 작성 Map'!D66 -> 59 | E67: ='1. IO 작성 Map'!E66 -> X103A | F67: ='1. IO 작성 Map'!F66 -> UZ0 PROBE CARD CHECK 03 (RIGHT) | G67: =VLOOKUP(E67,'2. T-Memory Map'!$D$5:$E$1004,2,FALSE) -> T4882 | H67: =VLOOKUP(G67,'3. M-Memory Map'!$C$4:$D$503,2,FALSE) -> M4292 | M67: ='1. IO 작성 Map'!M66 -> 59 | N67: ='1. IO 작성 Map'!N66 -> Y113A | O67: ='1. IO 작성 Map'!O66 -> SPARE | P67: =VLOOKUP(N67,'3. M-Memory Map'!$C$508:$D$1007,2,FALSE) -> #N/A | S67: STATION No. | T67: Part No. | U67: 번호 | V67: I/O | W67: Description | AA67: B RATE | AB67: 4
D68: ='1. IO 작성 Map'!D67 -> 60 | E68: ='1. IO 작성 Map'!E67 -> X103B | F68: ='1. IO 작성 Map'!F67 -> UZ0 PROBE CARD CHECK 04 (RIGHT) | G68: =VLOOKUP(E68,'2. T-Memory Map'!$D$5:$E$1004,2,FALSE) -> T4883 | H68: =VLOOKUP(G68,'3. M-Memory Map'!$C$4:$D$503,2,FALSE) -> M4293 | M68: ='1. IO 작성 Map'!M67 -> 60 | N68: ='1. IO 작성 Map'!N67 -> Y113B | O68: ='1. IO 작성 Map'!O67 -> SPARE | P68: =VLOOKUP(N68,'3. M-Memory Map'!$C$508:$D$1007,2,FALSE) -> #N/A | S68: ='1. IO 작성 Map'!S67:X67 -> 0 | AA68: MODE | AB68: 1
D69: ='1. IO 작성 Map'!D68 -> 61 | E69: ='1. IO 작성 Map'!E68 -> X103C | F69: ='1. IO 작성 Map'!F68 -> UZ2 PROBE CARD CHECK 01 (LEFT) | G69: =VLOOKUP(E69,'2. T-Memory Map'!$D$5:$E$1004,2,FALSE) -> T4884 | H69: =VLOOKUP(G69,'3. M-Memory Map'!$C$4:$D$503,2,FALSE) -> M4294 | M69: ='1. IO 작성 Map'!M68 -> 61 | N69: ='1. IO 작성 Map'!N68 -> Y113C | O69: ='1. IO 작성 Map'!O68 -> SPARE | P69: =VLOOKUP(N69,'3. M-Memory Map'!$C$508:$D$1007,2,FALSE) -> #N/A | S69: ='1. IO 작성 Map'!S68:S75 -> 0 | T69: ='1. IO 작성 Map'!T68:T75 -> 0 | U69: ='1. IO 작성 Map'!U68 -> 0 | V69: ='1. IO 작성 Map'!V68 -> 0 | W69: ='1. IO 작성 Map'!W68 -> 0 | X69: ='1. IO 작성 Map'!X68 -> 0 | Y69: ='1. IO 작성 Map'!Y68 -> 0 | AA69: SW ON↑ | AB69: 1, 3, 5
D70: ='1. IO 작성 Map'!D69 -> 62 | E70: ='1. IO 작성 Map'!E69 -> X103D | F70: ='1. IO 작성 Map'!F69 -> UZ2 PROBE CARD CHECK 02 (LEFT) | G70: =VLOOKUP(E70,'2. T-Memory Map'!$D$5:$E$1004,2,FALSE) -> T4885 | H70: =VLOOKUP(G70,'3. M-Memory Map'!$C$4:$D$503,2,FALSE) -> M4295 | M70: ='1. IO 작성 Map'!M69 -> 62 | N70: ='1. IO 작성 Map'!N69 -> Y113D | O70: ='1. IO 작성 Map'!O69 -> SPARE | P70: =VLOOKUP(N70,'3. M-Memory Map'!$C$508:$D$1007,2,FALSE) -> #N/A | U70: ='1. IO 작성 Map'!U69 -> 0 | V70: ='1. IO 작성 Map'!V69 -> 0 | W70: ='1. IO 작성 Map'!W69 -> 0 | X70: ='1. IO 작성 Map'!X69 -> 0 | Y70: ='1. IO 작성 Map'!Y69 -> 0 | AA70: RS-232 COMM.
D71: ='1. IO 작성 Map'!D70 -> 63 | E71: ='1. IO 작성 Map'!E70 -> X103E | F71: ='1. IO 작성 Map'!F70 -> UZ2 PROBE CARD CHECK 03 (RIGHT) | G71: =VLOOKUP(E71,'2. T-Memory Map'!$D$5:$E$1004,2,FALSE) -> T4886 | H71: =VLOOKUP(G71,'3. M-Memory Map'!$C$4:$D$503,2,FALSE) -> M4296 | M71: ='1. IO 작성 Map'!M70 -> 63 | N71: ='1. IO 작성 Map'!N70 -> Y113E | O71: ='1. IO 작성 Map'!O70 -> X-RAY IONIZER SIGN ON | P71: =VLOOKUP(N71,'3. M-Memory Map'!$C$508:$D$1007,2,FALSE) -> #N/A | U71: ='1. IO 작성 Map'!U70 -> 0 | V71: ='1. IO 작성 Map'!V70 -> 0 | W71: ='1. IO 작성 Map'!W70 -> 0 | X71: ='1. IO 작성 Map'!X70 -> 0 | Y71: ='1. IO 작성 Map'!Y70 -> 0 | AA71: STATION No. | AB71: Part No. | AC71: 번호 | AF71: Description
D72: ='1. IO 작성 Map'!D71 -> 64 | E72: ='1. IO 작성 Map'!E71 -> X103F | F72: ='1. IO 작성 Map'!F71 -> UZ2 PROBE CARD CHECK 04 (RIGHT) | G72: =VLOOKUP(E72,'2. T-Memory Map'!$D$5:$E$1004,2,FALSE) -> T4887 | H72: =VLOOKUP(G72,'3. M-Memory Map'!$C$4:$D$503,2,FALSE) -> M4297 | M72: ='1. IO 작성 Map'!M71 -> 64 | N72: ='1. IO 작성 Map'!N71 -> Y113F | O72: ='1. IO 작성 Map'!O71 -> SPARE | P72: =VLOOKUP(N72,'3. M-Memory Map'!$C$508:$D$1007,2,FALSE) -> #N/A | U72: ='1. IO 작성 Map'!U71 -> 0 | V72: ='1. IO 작성 Map'!V71 -> 0 | W72: ='1. IO 작성 Map'!W71 -> 0 | X72: ='1. IO 작성 Map'!X71 -> 0 | Y72: ='1. IO 작성 Map'!Y71 -> 0
B73: ='1. IO 작성 Map'!B72:F72 -> EQ | K73: ='1. IO 작성 Map'!K72:Q72 -> PC-BOX | U73: ='1. IO 작성 Map'!U72 -> 0 | V73: ='1. IO 작성 Map'!V72 -> 0 | W73: ='1. IO 작성 Map'!W72 -> 0 | X73: ='1. IO 작성 Map'!X72 -> 0 | Y73: ='1. IO 작성 Map'!Y72 -> 0 | AA73: ='1. IO 작성 Map'!AA72 -> 0 | AB73: ='1. IO 작성 Map'!AB72 -> 0 | AC73: ='1. IO 작성 Map'!AC72 -> 0 | AD73: ='1. IO 작성 Map'!AD72:AE72 -> 0 | AF73: ='1. IO 작성 Map'!AF72 -> 0 | AG73: ='1. IO 작성 Map'!AG72 -> 0 | AH73: ='1. IO 작성 Map'!AH72 -> 0
B74: ='1. IO 작성 Map'!B73:B104 -> 0 | C74: ='1. IO 작성 Map'!C73:C104 -> 0 | D74: ='1. IO 작성 Map'!D73 -> 65 | E74: ='1. IO 작성 Map'!E73 -> X1040 | F74: ='1. IO 작성 Map'!F73 -> UZ4 PROBE CARD CHECK 01 (LEFT) | G74: =VLOOKUP(E74,'2. T-Memory Map'!$D$5:$E$1004,2,FALSE) -> T4888 | H74: =VLOOKUP(G74,'3. M-Memory Map'!$C$4:$D$503,2,FALSE) -> M4298 | K74: ='1. IO 작성 Map'!K73:K104 -> 0 | L74: ='1. IO 작성 Map'!L73:L104 -> 0 | M74: ='1. IO 작성 Map'!M73 -> 65 | N74: ='1. IO 작성 Map'!N73 -> Y1140 | O74: ='1. IO 작성 Map'!O73 -> BUZZER ON | P74: =VLOOKUP(N74,'3. M-Memory Map'!$C$508:$D$1007,2,FALSE) -> M4920 | U74: ='1. IO 작성 Map'!U73 -> 0 | V74: ='1. IO 작성 Map'!V73 -> 0 | W74: ='1. IO 작성 Map'!W73 -> 0 | X74: ='1. IO 작성 Map'!X73 -> 0 | Y74: ='1. IO 작성 Map'!Y73 -> 0
D75: ='1. IO 작성 Map'!D74 -> 66 | E75: ='1. IO 작성 Map'!E74 -> X1041 | F75: ='1. IO 작성 Map'!F74 -> UZ4 PROBE CARD CHECK 02 (LEFT) | G75: =VLOOKUP(E75,'2. T-Memory Map'!$D$5:$E$1004,2,FALSE) -> T4889 | H75: =VLOOKUP(G75,'3. M-Memory Map'!$C$4:$D$503,2,FALSE) -> M4299 | M75: ='1. IO 작성 Map'!M74 -> 66 | N75: ='1. IO 작성 Map'!N74 -> Y1141 | O75: ='1. IO 작성 Map'!O74 -> SPARE | P75: =VLOOKUP(N75,'3. M-Memory Map'!$C$508:$D$1007,2,FALSE) -> #N/A | U75: ='1. IO 작성 Map'!U74 -> 0 | V75: ='1. IO 작성 Map'!V74 -> 0 | W75: ='1. IO 작성 Map'!W74 -> 0 | X75: ='1. IO 작성 Map'!X74 -> 0 | Y75: ='1. IO 작성 Map'!Y74 -> 0 | AA75: B RATE | AB75: 4
D76: ='1. IO 작성 Map'!D75 -> 67 | E76: ='1. IO 작성 Map'!E75 -> X1042 | F76: ='1. IO 작성 Map'!F75 -> UZ4 PROBE CARD CHECK 03 (RIGHT) | G76: =VLOOKUP(E76,'2. T-Memory Map'!$D$5:$E$1004,2,FALSE) -> T4890 | H76: =VLOOKUP(G76,'3. M-Memory Map'!$C$4:$D$503,2,FALSE) -> M4300 | M76: ='1. IO 작성 Map'!M75 -> 67 | N76: ='1. IO 작성 Map'!N75 -> Y1142 | O76: ='1. IO 작성 Map'!O75 -> X-RAY IONIZER 01 REMOTE ON (RMT-ON) | P76: =VLOOKUP(N76,'3. M-Memory Map'!$C$508:$D$1007,2,FALSE) -> M4520 | U76: ='1. IO 작성 Map'!U75 -> 0 | V76: ='1. IO 작성 Map'!V75 -> 0 | W76: ='1. IO 작성 Map'!W75 -> 0 | X76: ='1. IO 작성 Map'!X75 -> 0 | Y76: ='1. IO 작성 Map'!Y75 -> 0 | AA76: MODE | AB76: 1
D77: ='1. IO 작성 Map'!D76 -> 68 | E77: ='1. IO 작성 Map'!E76 -> X1043 | F77: ='1. IO 작성 Map'!F76 -> UZ4 PROBE CARD CHECK 04 (RIGHT) | G77: =VLOOKUP(E77,'2. T-Memory Map'!$D$5:$E$1004,2,FALSE) -> T4891 | H77: =VLOOKUP(G77,'3. M-Memory Map'!$C$4:$D$503,2,FALSE) -> M4301 | M77: ='1. IO 작성 Map'!M76 -> 68 | N77: ='1. IO 작성 Map'!N76 -> Y1143 | O77: ='1. IO 작성 Map'!O76 -> X-RAY IONIZER 01 INTERLOCK (INT-ON) | P77: =VLOOKUP(N77,'3. M-Memory Map'!$C$508:$D$1007,2,FALSE) -> #N/A | AA77: SW ON↑ | AB77: 1, 3, 5
D78: ='1. IO 작성 Map'!D77 -> 69 | E78: ='1. IO 작성 Map'!E77 -> X1044 | F78: ='1. IO 작성 Map'!F77 -> UZ6 PROBE CARD CHECK 01 (LEFT) | G78: =VLOOKUP(E78,'2. T-Memory Map'!$D$5:$E$1004,2,FALSE) -> T4892 | H78: =VLOOKUP(G78,'3. M-Memory Map'!$C$4:$D$503,2,FALSE) -> M4302 | M78: ='1. IO 작성 Map'!M77 -> 69 | N78: ='1. IO 작성 Map'!N77 -> Y1144 | O78: ='1. IO 작성 Map'!O77 -> SPARE | P78: =VLOOKUP(N78,'3. M-Memory Map'!$C$508:$D$1007,2,FALSE) -> #N/A | S78: B RATE | T78: ='1. IO 작성 Map'!T77 -> 4 | AA78: RS-232 COMM.
D79: ='1. IO 작성 Map'!D78 -> 70 | E79: ='1. IO 작성 Map'!E78 -> X1045 | F79: ='1. IO 작성 Map'!F78 -> UZ6 PROBE CARD CHECK 02 (LEFT) | G79: =VLOOKUP(E79,'2. T-Memory Map'!$D$5:$E$1004,2,FALSE) -> T4893 | H79: =VLOOKUP(G79,'3. M-Memory Map'!$C$4:$D$503,2,FALSE) -> M4303 | M79: ='1. IO 작성 Map'!M78 -> 70 | N79: ='1. IO 작성 Map'!N78 -> Y1145 | O79: ='1. IO 작성 Map'!O78 -> SPARE | P79: =VLOOKUP(N79,'3. M-Memory Map'!$C$508:$D$1007,2,FALSE) -> #N/A | S79: MODE | T79: ='1. IO 작성 Map'!T78 -> 3 | AA79: STATION No. | AB79: Part No. | AC79: 번호 | AF79: Description
D80: ='1. IO 작성 Map'!D79 -> 71 | E80: ='1. IO 작성 Map'!E79 -> X1046 | F80: ='1. IO 작성 Map'!F79 -> UZ6 PROBE CARD CHECK 03 (RIGHT) | G80: =VLOOKUP(E80,'2. T-Memory Map'!$D$5:$E$1004,2,FALSE) -> T4894 | H80: =VLOOKUP(G80,'3. M-Memory Map'!$C$4:$D$503,2,FALSE) -> M4304 | M80: ='1. IO 작성 Map'!M79 -> 71 | N80: ='1. IO 작성 Map'!N79 -> Y1146 | O80: ='1. IO 작성 Map'!O79 -> SPARE | P80: =VLOOKUP(N80,'3. M-Memory Map'!$C$508:$D$1007,2,FALSE) -> #N/A | S80: ANALOG INPUT
D81: ='1. IO 작성 Map'!D80 -> 72 | E81: ='1. IO 작성 Map'!E80 -> X1047 | F81: ='1. IO 작성 Map'!F80 -> UZ6 PROBE CARD CHECK 04 (RIGHT) | G81: =VLOOKUP(E81,'2. T-Memory Map'!$D$5:$E$1004,2,FALSE) -> T4895 | H81: =VLOOKUP(G81,'3. M-Memory Map'!$C$4:$D$503,2,FALSE) -> M4305 | M81: ='1. IO 작성 Map'!M80 -> 72 | N81: ='1. IO 작성 Map'!N80 -> Y1147 | O81: ='1. IO 작성 Map'!O80 -> SPARE | P81: =VLOOKUP(N81,'3. M-Memory Map'!$C$508:$D$1007,2,FALSE) -> #N/A | AA81: ='1. IO 작성 Map'!AA80 -> 0 | AB81: ='1. IO 작성 Map'!AB80 -> 0 | AC81: ='1. IO 작성 Map'!AC80 -> 0 | AD81: ='1. IO 작성 Map'!AD80:AE80 -> 0 | AF81: ='1. IO 작성 Map'!AF80 -> 0 | AG81: ='1. IO 작성 Map'!AG80 -> 0 | AH81: ='1. IO 작성 Map'!AH80 -> 0
D82: ='1. IO 작성 Map'!D81 -> 73 | E82: ='1. IO 작성 Map'!E81 -> X1048 | F82: ='1. IO 작성 Map'!F81 -> UZ8 PROBE CARD CHECK 01 (LEFT) | G82: =VLOOKUP(E82,'2. T-Memory Map'!$D$5:$E$1004,2,FALSE) -> T4896 | H82: =VLOOKUP(G82,'3. M-Memory Map'!$C$4:$D$503,2,FALSE) -> M4306 | M82: ='1. IO 작성 Map'!M81 -> 73 | N82: ='1. IO 작성 Map'!N81 -> Y1148 | O82: ='1. IO 작성 Map'!O81 -> SPARE | P82: =VLOOKUP(N82,'3. M-Memory Map'!$C$508:$D$1007,2,FALSE) -> #N/A | S82: STATION No. | T82: Part No. | U82: 번호 | V82: I/O | W82: Description
D83: ='1. IO 작성 Map'!D82 -> 74 | E83: ='1. IO 작성 Map'!E82 -> X1049 | F83: ='1. IO 작성 Map'!F82 -> UZ8 PROBE CARD CHECK 02 (LEFT) | G83: =VLOOKUP(E83,'2. T-Memory Map'!$D$5:$E$1004,2,FALSE) -> T4897 | H83: =VLOOKUP(G83,'3. M-Memory Map'!$C$4:$D$503,2,FALSE) -> M4307 | M83: ='1. IO 작성 Map'!M82 -> 74 | N83: ='1. IO 작성 Map'!N82 -> Y1149 | O83: ='1. IO 작성 Map'!O82 -> SPARE | P83: =VLOOKUP(N83,'3. M-Memory Map'!$C$508:$D$1007,2,FALSE) -> #N/A | S83: ='1. IO 작성 Map'!S82:X82 -> 0
D84: ='1. IO 작성 Map'!D83 -> 75 | E84: ='1. IO 작성 Map'!E83 -> X104A | F84: ='1. IO 작성 Map'!F83 -> UZ8 PROBE CARD CHECK 03 (RIGHT) | G84: =VLOOKUP(E84,'2. T-Memory Map'!$D$5:$E$1004,2,FALSE) -> T4898 | H84: =VLOOKUP(G84,'3. M-Memory Map'!$C$4:$D$503,2,FALSE) -> M4308 | M84: ='1. IO 작성 Map'!M83 -> 75 | N84: ='1. IO 작성 Map'!N83 -> Y114A | O84: ='1. IO 작성 Map'!O83 -> SPARE | P84: =VLOOKUP(N84,'3. M-Memory Map'!$C$508:$D$1007,2,FALSE) -> #N/A | S84: ='1. IO 작성 Map'!S83:S90 -> 0 | T84: ='1. IO 작성 Map'!T83:T90 -> 0 | U84: ='1. IO 작성 Map'!U83 -> 0 | V84: ='1. IO 작성 Map'!V83 -> 0 | W84: ='1. IO 작성 Map'!W83 -> 0 | X84: ='1. IO 작성 Map'!X83 -> 0 | Y84: ='1. IO 작성 Map'!Y83 -> 0
D85: ='1. IO 작성 Map'!D84 -> 76 | E85: ='1. IO 작성 Map'!E84 -> X104B | F85: ='1. IO 작성 Map'!F84 -> UZ8 PROBE CARD CHECK 04 (RIGHT) | G85: =VLOOKUP(E85,'2. T-Memory Map'!$D$5:$E$1004,2,FALSE) -> T4899 | H85: =VLOOKUP(G85,'3. M-Memory Map'!$C$4:$D$503,2,FALSE) -> M4309 | M85: ='1. IO 작성 Map'!M84 -> 76 | N85: ='1. IO 작성 Map'!N84 -> Y114B | O85: ='1. IO 작성 Map'!O84 -> SPARE | P85: =VLOOKUP(N85,'3. M-Memory Map'!$C$508:$D$1007,2,FALSE) -> #N/A | U85: ='1. IO 작성 Map'!U84 -> 0 | V85: ='1. IO 작성 Map'!V84 -> 0 | W85: ='1. IO 작성 Map'!W84 -> 0 | X85: ='1. IO 작성 Map'!X84 -> 0 | Y85: ='1. IO 작성 Map'!Y84 -> 0
D86: ='1. IO 작성 Map'!D85 -> 77 | E86: ='1. IO 작성 Map'!E85 -> X104C | F86: ='1. IO 작성 Map'!F85 -> PROBE GANTRY 1 PROBE CARD PCB LOCK 01 CHECK (LEFT) | G86: =VLOOKUP(E86,'2. T-Memory Map'!$D$5:$E$1004,2,FALSE) -> T4900 | H86: =VLOOKUP(G86,'3. M-Memory Map'!$C$4:$D$503,2,FALSE) -> M4350 | M86: ='1. IO 작성 Map'!M85 -> 77 | N86: ='1. IO 작성 Map'!N85 -> Y114C | O86: ='1. IO 작성 Map'!O85 -> SPARE | P86: =VLOOKUP(N86,'3. M-Memory Map'!$C$508:$D$1007,2,FALSE) -> #N/A | U86: ='1. IO 작성 Map'!U85 -> 0 | V86: ='1. IO 작성 Map'!V85 -> 0 | W86: ='1. IO 작성 Map'!W85 -> 0 | X86: ='1. IO 작성 Map'!X85 -> 0 | Y86: ='1. IO 작성 Map'!Y85 -> 0
D87: ='1. IO 작성 Map'!D86 -> 78 | E87: ='1. IO 작성 Map'!E86 -> X104D | F87: ='1. IO 작성 Map'!F86 -> PROBE GANTRY 1 PROBE CARD PCB UNLOCK 01 CHECK (LEFT) | G87: =VLOOKUP(E87,'2. T-Memory Map'!$D$5:$E$1004,2,FALSE) -> T4901 | H87: =VLOOKUP(G87,'3. M-Memory Map'!$C$4:$D$503,2,FALSE) -> M4351 | M87: ='1. IO 작성 Map'!M86 -> 78 | N87: ='1. IO 작성 Map'!N86 -> Y114D | O87: ='1. IO 작성 Map'!O86 -> SPARE | P87: =VLOOKUP(N87,'3. M-Memory Map'!$C$508:$D$1007,2,FALSE) -> #N/A | U87: ='1. IO 작성 Map'!U86 -> 0 | V87: ='1. IO 작성 Map'!V86 -> 0 | W87: ='1. IO 작성 Map'!W86 -> 0 | X87: ='1. IO 작성 Map'!X86 -> 0 | Y87: ='1. IO 작성 Map'!Y86 -> 0
D88: ='1. IO 작성 Map'!D87 -> 79 | E88: ='1. IO 작성 Map'!E87 -> X104E | F88: ='1. IO 작성 Map'!F87 -> PROBE GANTRY 1 PROBE CARD PCB LOCK 02 CHECK (RIGHT) | G88: =VLOOKUP(E88,'2. T-Memory Map'!$D$5:$E$1004,2,FALSE) -> T4902 | H88: =VLOOKUP(G88,'3. M-Memory Map'!$C$4:$D$503,2,FALSE) -> M4352 | M88: ='1. IO 작성 Map'!M87 -> 79 | N88: ='1. IO 작성 Map'!N87 -> Y114E | O88: ='1. IO 작성 Map'!O87 -> SPARE | P88: =VLOOKUP(N88,'3. M-Memory Map'!$C$508:$D$1007,2,FALSE) -> #N/A | U88: ='1. IO 작성 Map'!U87 -> 0 | V88: ='1. IO 작성 Map'!V87 -> 0 | W88: ='1. IO 작성 Map'!W87 -> 0 | X88: ='1. IO 작성 Map'!X87 -> 0 | Y88: ='1. IO 작성 Map'!Y87 -> 0
D89: ='1. IO 작성 Map'!D88 -> 80 | E89: ='1. IO 작성 Map'!E88 -> X104F | F89: ='1. IO 작성 Map'!F88 -> PROBE GANTRY 1 PROBE CARD PCB UNLOCK 02 CHECK (RIGHT) | G89: =VLOOKUP(E89,'2. T-Memory Map'!$D$5:$E$1004,2,FALSE) -> T4903 | H89: =VLOOKUP(G89,'3. M-Memory Map'!$C$4:$D$503,2,FALSE) -> M4353 | M89: ='1. IO 작성 Map'!M88 -> 80 | N89: ='1. IO 작성 Map'!N88 -> Y114F | O89: ='1. IO 작성 Map'!O88 -> SPARE | P89: =VLOOKUP(N89,'3. M-Memory Map'!$C$508:$D$1007,2,FALSE) -> #N/A | U89: ='1. IO 작성 Map'!U88 -> 0 | V89: ='1. IO 작성 Map'!V88 -> 0 | W89: ='1. IO 작성 Map'!W88 -> 0 | X89: ='1. IO 작성 Map'!X88 -> 0 | Y89: ='1. IO 작성 Map'!Y88 -> 0
D90: ='1. IO 작성 Map'!D89 -> 81 | E90: ='1. IO 작성 Map'!E89 -> X1050 | F90: ='1. IO 작성 Map'!F89 -> PROBE GANTRY 2 PROBE CARD PCB LOCK 01 CHECK (LEFT) | G90: =VLOOKUP(E90,'2. T-Memory Map'!$D$5:$E$1004,2,FALSE) -> T4904 | H90: =VLOOKUP(G90,'3. M-Memory Map'!$C$4:$D$503,2,FALSE) -> M4354 | M90: ='1. IO 작성 Map'!M89 -> 81 | N90: ='1. IO 작성 Map'!N89 -> Y1150 | O90: ='1. IO 작성 Map'!O89 -> SPARE | P90: =VLOOKUP(N90,'3. M-Memory Map'!$C$508:$D$1007,2,FALSE) -> #N/A | U90: ='1. IO 작성 Map'!U89 -> 0 | V90: ='1. IO 작성 Map'!V89 -> 0 | W90: ='1. IO 작성 Map'!W89 -> 0 | X90: ='1. IO 작성 Map'!X89 -> 0 | Y90: ='1. IO 작성 Map'!Y89 -> 0
D91: ='1. IO 작성 Map'!D90 -> 82 | E91: ='1. IO 작성 Map'!E90 -> X1051 | F91: ='1. IO 작성 Map'!F90 -> PROBE GANTRY 2 PROBE CARD PCB UNLOCK 01 CHECK (LEFT) | G91: =VLOOKUP(E91,'2. T-Memory Map'!$D$5:$E$1004,2,FALSE) -> T4905 | H91: =VLOOKUP(G91,'3. M-Memory Map'!$C$4:$D$503,2,FALSE) -> M4355 | M91: ='1. IO 작성 Map'!M90 -> 82 | N91: ='1. IO 작성 Map'!N90 -> Y1151 | O91: ='1. IO 작성 Map'!O90 -> SPARE | P91: =VLOOKUP(N91,'3. M-Memory Map'!$C$508:$D$1007,2,FALSE) -> #N/A | U91: ='1. IO 작성 Map'!U90 -> 0 | V91: ='1. IO 작성 Map'!V90 -> 0 | W91: ='1. IO 작성 Map'!W90 -> 0 | X91: ='1. IO 작성 Map'!X90 -> 0 | Y91: ='1. IO 작성 Map'!Y90 -> 0
D92: ='1. IO 작성 Map'!D91 -> 83 | E92: ='1. IO 작성 Map'!E91 -> X1052 | F92: ='1. IO 작성 Map'!F91 -> PROBE GANTRY 2 PROBE CARD PCB LOCK 02 CHECK (RIGHT) | G92: =VLOOKUP(E92,'2. T-Memory Map'!$D$5:$E$1004,2,FALSE) -> T4906 | H92: =VLOOKUP(G92,'3. M-Memory Map'!$C$4:$D$503,2,FALSE) -> M4356 | M92: ='1. IO 작성 Map'!M91 -> 83 | N92: ='1. IO 작성 Map'!N91 -> Y1152 | O92: ='1. IO 작성 Map'!O91 -> SPARE | P92: =VLOOKUP(N92,'3. M-Memory Map'!$C$508:$D$1007,2,FALSE) -> #N/A
D93: ='1. IO 작성 Map'!D92 -> 84 | E93: ='1. IO 작성 Map'!E92 -> X1053 | F93: ='1. IO 작성 Map'!F92 -> PROBE GANTRY 2 PROBE CARD PCB UNLOCK 02 CHECK (RIGHT) | G93: =VLOOKUP(E93,'2. T-Memory Map'!$D$5:$E$1004,2,FALSE) -> T4907 | H93: =VLOOKUP(G93,'3. M-Memory Map'!$C$4:$D$503,2,FALSE) -> M4357 | M93: ='1. IO 작성 Map'!M92 -> 84 | N93: ='1. IO 작성 Map'!N92 -> Y1153 | O93: ='1. IO 작성 Map'!O92 -> SPARE | P93: =VLOOKUP(N93,'3. M-Memory Map'!$C$508:$D$1007,2,FALSE) -> #N/A | S93: B RATE | T93: ='1. IO 작성 Map'!T92 -> 4
D94: ='1. IO 작성 Map'!D93 -> 85 | E94: ='1. IO 작성 Map'!E93 -> X1054 | F94: ='1. IO 작성 Map'!F93 -> PROBE GANTRY 3 PROBE CARD PCB LOCK 01 CHECK (LEFT) | G94: =VLOOKUP(E94,'2. T-Memory Map'!$D$5:$E$1004,2,FALSE) -> T4908 | H94: =VLOOKUP(G94,'3. M-Memory Map'!$C$4:$D$503,2,FALSE) -> M4358 | M94: ='1. IO 작성 Map'!M93 -> 85 | N94: ='1. IO 작성 Map'!N93 -> Y1154 | O94: ='1. IO 작성 Map'!O93 -> SPARE | P94: =VLOOKUP(N94,'3. M-Memory Map'!$C$508:$D$1007,2,FALSE) -> #N/A | S94: MODE | T94: ='1. IO 작성 Map'!T93 -> 3
D95: ='1. IO 작성 Map'!D94 -> 86 | E95: ='1. IO 작성 Map'!E94 -> X1055 | F95: ='1. IO 작성 Map'!F94 -> PROBE GANTRY 3 PROBE CARD PCB UNLOCK 01 CHECK (LEFT) | G95: =VLOOKUP(E95,'2. T-Memory Map'!$D$5:$E$1004,2,FALSE) -> T4909 | H95: =VLOOKUP(G95,'3. M-Memory Map'!$C$4:$D$503,2,FALSE) -> M4359 | M95: ='1. IO 작성 Map'!M94 -> 86 | N95: ='1. IO 작성 Map'!N94 -> Y1155 | O95: ='1. IO 작성 Map'!O94 -> SPARE | P95: =VLOOKUP(N95,'3. M-Memory Map'!$C$508:$D$1007,2,FALSE) -> #N/A | S95: ANALOG INPUT
D96: ='1. IO 작성 Map'!D95 -> 87 | E96: ='1. IO 작성 Map'!E95 -> X1056 | F96: ='1. IO 작성 Map'!F95 -> PROBE GANTRY 3 PROBE CARD PCB LOCK 02 CHECK (RIGHT) | G96: =VLOOKUP(E96,'2. T-Memory Map'!$D$5:$E$1004,2,FALSE) -> T4910 | H96: =VLOOKUP(G96,'3. M-Memory Map'!$C$4:$D$503,2,FALSE) -> M4360 | M96: ='1. IO 작성 Map'!M95 -> 87 | N96: ='1. IO 작성 Map'!N95 -> Y1156 | O96: ='1. IO 작성 Map'!O95 -> SPARE | P96: =VLOOKUP(N96,'3. M-Memory Map'!$C$508:$D$1007,2,FALSE) -> #N/A
D97: ='1. IO 작성 Map'!D96 -> 88 | E97: ='1. IO 작성 Map'!E96 -> X1057 | F97: ='1. IO 작성 Map'!F96 -> PROBE GANTRY 3 PROBE CARD PCB UNLOCK 02 CHECK (RIGHT) | G97: =VLOOKUP(E97,'2. T-Memory Map'!$D$5:$E$1004,2,FALSE) -> T4911 | H97: =VLOOKUP(G97,'3. M-Memory Map'!$C$4:$D$503,2,FALSE) -> M4361 | M97: ='1. IO 작성 Map'!M96 -> 88 | N97: ='1. IO 작성 Map'!N96 -> Y1157 | O97: ='1. IO 작성 Map'!O96 -> SPARE | P97: =VLOOKUP(N97,'3. M-Memory Map'!$C$508:$D$1007,2,FALSE) -> #N/A | S97: STATION No. | T97: Part No. | U97: 번호 | V97: I/O | W97: Description
D98: ='1. IO 작성 Map'!D97 -> 89 | E98: ='1. IO 작성 Map'!E97 -> X1058 | F98: ='1. IO 작성 Map'!F97 -> PROBE GANTRY 4 PROBE CARD PCB LOCK 01 CHECK (LEFT) | G98: =VLOOKUP(E98,'2. T-Memory Map'!$D$5:$E$1004,2,FALSE) -> T4912 | H98: =VLOOKUP(G98,'3. M-Memory Map'!$C$4:$D$503,2,FALSE) -> M4362 | M98: ='1. IO 작성 Map'!M97 -> 89 | N98: ='1. IO 작성 Map'!N97 -> Y1158 | O98: ='1. IO 작성 Map'!O97 -> SPARE | P98: =VLOOKUP(N98,'3. M-Memory Map'!$C$508:$D$1007,2,FALSE) -> #N/A | S98: ='1. IO 작성 Map'!S97:X97 -> 0
D99: ='1. IO 작성 Map'!D98 -> 90 | E99: ='1. IO 작성 Map'!E98 -> X1059 | F99: ='1. IO 작성 Map'!F98 -> PROBE GANTRY 4 PROBE CARD PCB UNLOCK 01 CHECK (LEFT) | G99: =VLOOKUP(E99,'2. T-Memory Map'!$D$5:$E$1004,2,FALSE) -> T4913 | H99: =VLOOKUP(G99,'3. M-Memory Map'!$C$4:$D$503,2,FALSE) -> M4363 | M99: ='1. IO 작성 Map'!M98 -> 90 | N99: ='1. IO 작성 Map'!N98 -> Y1159 | O99: ='1. IO 작성 Map'!O98 -> SPARE | P99: =VLOOKUP(N99,'3. M-Memory Map'!$C$508:$D$1007,2,FALSE) -> #N/A | S99: ='1. IO 작성 Map'!S98:S105 -> 0 | T99: ='1. IO 작성 Map'!T98:T105 -> 0 | U99: ='1. IO 작성 Map'!U98 -> 0 | V99: ='1. IO 작성 Map'!V98 -> 0 | W99: ='1. IO 작성 Map'!W98 -> 0 | X99: ='1. IO 작성 Map'!X98 -> 0 | Y99: ='1. IO 작성 Map'!Y98 -> 0
D100: ='1. IO 작성 Map'!D99 -> 91 | E100: ='1. IO 작성 Map'!E99 -> X105A | F100: ='1. IO 작성 Map'!F99 -> PROBE GANTRY 4 PROBE CARD PCB LOCK 02 CHECK (RIGHT) | G100: =VLOOKUP(E100,'2. T-Memory Map'!$D$5:$E$1004,2,FALSE) -> T4914 | H100: =VLOOKUP(G100,'3. M-Memory Map'!$C$4:$D$503,2,FALSE) -> M4364 | M100: ='1. IO 작성 Map'!M99 -> 91 | N100: ='1. IO 작성 Map'!N99 -> Y115A | O100: ='1. IO 작성 Map'!O99 -> SPARE | P100: =VLOOKUP(N100,'3. M-Memory Map'!$C$508:$D$1007,2,FALSE) -> #N/A | U100: ='1. IO 작성 Map'!U99 -> 0 | V100: ='1. IO 작성 Map'!V99 -> 0 | W100: ='1. IO 작성 Map'!W99 -> 0 | X100: ='1. IO 작성 Map'!X99 -> 0 | Y100: ='1. IO 작성 Map'!Y99 -> 0
...

Sheet F-Alarm Memory Map
B2: F-Alarm Memory Map | G2: F1 ~ F50 | H2: System Alarm | I2: 50
G3: F51 ~ F100 | H3: System Warning | I3: 50
B4: No | D4: Address | E4: Comment | G4: F101 ~ F600 | H4: EQ Alarm | I4: 500
B5: System Alarm | G5: F601 ~ F700 | H5: EQ Warning | I5: 100
B6: 1 | C6: EMO | D6: F1 | E6: EMO Push 01 Alarm | G6: F701 ~ F900 | H6: PACC Alarm | I6: 200
B7: 2 | D7: F2 | E7: EMO Push 02 Alarm | G7: F901 ~ F1000 | H7: PACC Warning | I7: 100
B8: 3 | D8: F3 | E8: EMO Push 03 Alarm | G8: F1001 ~ F1500 | H8: CIM Error | I8: 500
B9: 4 | D9: F4 | E9: EMO Push 04 Alarm
B10: 5 | D10: F5 | E10: EMO Push 05 Alarm
B11: 6 | D11: F6 | E11: EMO Push 06 Alarm
B12: 7 | D12: F7 | E12: EMO Push 07 Alarm
B13: 8 | D13: F8 | E13: EMO Push 08 Alarm
B14: 9 | D14: F9 | E14: EMO Push 09 Alarm
B15: 10 | D15: F10 | E15: EMO Push 10 Alarm
B16: 11 | C16: EMO | D16: F11 | E16: EMO Push 11 Alarm
B17: 12 | D17: F12 | E17: EMO Push 12 Alarm
B18: 13 | D18: F13 | E18: EMO Push 13 Alarm
B19: 14 | D19: F14 | E19: EMO Push 14 Alarm
B20: 15 | D20: F15 | E20: EMO Push 15 Alarm
B21: 16 | D21: F16 | E21: EMO Push 16 Alarm
B22: 17 | D22: F17
B23: 18 | D23: F18
B24: 19 | D24: F19
B25: 20 | D25: F20
B26: 21 | C26: Purifier | D26: F21 | E26: Purifier Alarm
B27: 22 | D27: F22
B28: 23 | D28: F23
B29: 24 | D29: F24
B30: 25 | D30: F25
B31: 26 | D31: F26
B32: 27 | D32: F27
B33: 28 | D33: F28
B34: 29 | D34: F29
B35: 30 | D35: F30
B36: 31 | C36: SPARE | D36: F31
B37: 32 | D37: F32
B38: 33 | D38: F33
B39: 34 | D39: F34
B40: 35 | D40: F35
B41: 36 | D41: F36
B42: 37 | D42: F37
B43: 38 | D43: F38
B44: 39 | D44: F39
B45: 40 | D45: F40
B46: 41 | C46: SPARE | D46: F41
B47: 42 | D47: F42
B48: 43 | D48: F43
B49: 44 | D49: F44
B50: 45 | D50: F45
B51: 46 | D51: F46
B52: 47 | D52: F47
B53: 48 | D53: F48
B54: 49 | D54: F49
B55: 50 | D55: F50
B56: System Warning
B57: 51 | C57: CIM Status | D57: F51 | E57: CIM Status Abnormal
B58: 52 | D58: F52
B59: 53 | D59: F53
B60: 54 | D60: F54
B61: 55 | D61: F55
B62: 56 | D62: F56
B63: 57 | D63: F57
B64: 58 | D64: F58
B65: 59 | D65: F59
B66: 60 | D66: F60
B67: 61 | C67: SPARE | D67: F61
B68: 62 | D68: F62
B69: 63 | D69: F63
B70: 64 | D70: F64
B71: 65 | D71: F65
B72: 66 | D72: F66
B73: 67 | D73: F67
B74: 68 | D74: F68
B75: 69 | D75: F69
B76: 70 | D76: F70
B77: 71 | C77: Purifier | D77: F71 | E77: Purifier Warning
B78: 72 | D78: F72
B79: 73 | D79: F73
B80: 74 | D80: F74
B81: 75 | D81: F75
B82: 76 | D82: F76
B83: 77 | D83: F77
B84: 78 | D84: F78
B85: 79 | D85: F79
B86: 80 | D86: F80
B87: 81 | C87: SPARE | D87: F81
B88: 82 | D88: F82
B89: 83 | D89: F83
B90: 84 | D90: F84
B91: 85 | D91: F85
B92: 86 | D92: F86
B93: 87 | D93: F87
B94: 88 | D94: F88
B95: 89 | D95: F89
B96: 90 | D96: F90
B97: 91 | C97: SPARE | D97: F91
B98: 92 | D98: F92
B99: 93 | D99: F93
B100: 94 | D100: F94
B101: 95 | D101: F95
...

Sheet FDC
B2: EQ
B3: Group | C3: SVID | D3: Parameter Name | E3: PLC > SW | F3: SW > PLC | G3: CIM > HOST
B4: Pressure (Main 1차) | D4: CDA 01 | E4: D11500
D5: CDA 02 | E5: D11502
D6: CDA 03 | E6: D11504
D7: FIXTURE 01 | E7: D11506
D8: FIXTURE 02 | E8: D11508
D9: ISOLATOR 01 | E9: D11510
D10: ISOLATOR 02 | E10: D11512
D11: SHUTTER | E11: D11514
E12: D11516
E13: D11518
D14: PROBE MODULE_1 | E14: D11520
D15: PROBE MODULE_2 | E15: D11522
D16: PROBE MODULE_3 | E16: D11524
D17: PROBE MODULE_4 | E17: D11526
D18: PROBE MODULE_5 | E18: D11528
D19: ZERO POSITION_1 | E19: D11530
D20: ZERO POSITION_2 | E20: D11532
D21: ZERO POSITION_3 | E21: D11534
D22: ZERO POSITION_4 | E22: D11536
D23: ZERO POSITION_5 | E23: D11538
D24: VACUUM 01 | E24: D11540
D25: VACUUM 02 | E25: D11542
E26: D11544
E27: D11546
E28: D11548
E29: D11550
E30: D11552
E31: D11554
E32: D11556
E33: D11558
D34: PLATE BLOW_VACUUM 01 | E34: D11560
E35: D11562
E36: D11564
E37: D11566
E38: D11568
E39: D11570
E40: D11572
E41: D11574
E42: D11576
E43: D11578
E44: D11580
E45: D11582
E46: D11584
... E53: D11598
B54: Fixture Time | D54: Front Fixture 01 FWD Time | E54: D11600
D55: Front Fixture 01 REV Time | E55: D11602
D56: Front Fixture 02 FWD Time | E56: D11604
D57: Front Fixture 02 REV Time | E57: D11606
D58: Right Fixture 01 FWD Time | E58: D11608
D59: Right Fixture 01 REV Time | E59: D11610
D60: Right Fixture 02 FWD Time | E60: D11612
D61: Right Fixture 02 REV Time | E61: D11614
D62: Back Fixture 01 FWD Time | E62: D11616
D63: Back Fixture 01 REV Time | E63: D11618
D64: Back Fixture 02 FWD Time | E64: D11620
D65: Back Fixture 02 REV Time | E65: D11622
D66: Left Fixture 01 FWD Time | E66: D11624
... D69: Left Fixture 02 REV Time | E69: D11630
E70: D11632
E71: D11634
E72: D11636
E73: D11638
E74: D11640
E75: D11642
E76: D11644
E77: D11646
E78: D11648
D79: Front Fixture 01 Up Time | E79: D11650
D80: Front Fixture 01 Down Time | E80: D11652
D81: Front Fixture 02 Up Time | E81: D11654
D82: Front Fixture 02 Down Time | E82: D11656
D83: Right Fixture 01 Up Time | E83: D11658
D84: Right Fixture 01 Down Time | E84: D11660
D85: Right Fixture 02 Up Time | E85: D11662
D86: Right Fixture 02 Down Time | E86: D11664
D87: Back Fixture 01 Up Time | E87: D11666
D88: Back Fixture 01 Down Time | E88: D11668
D89: Back Fixture 02 Up Time | E89: D11670
D90: Back Fixture 02 Down Time | E90: D11672
... D94: Left Fixture 02 Down Time | E94: D11680
E95: D11682
E96: D11684
E97: D11686
E98: D11688
E99: D11690
E100: D11692
E101: D11694
E102: D11696
E103: D11698
B104: Chamber | D104: O2 Data [%] | E104: D11700
E105: D11702
E106: D11704
E107: D11706
E108: D11708
E109: D11710
E110: D11712
E111: D11714
E112: D11716
...

Sheet PC CIM (M400)
B2: M400번지 Memory Map
B3: No | D3: Address | E3: Comment
B4: INPUT (M400 ~ M499)
B5: 1 | C5: Door | D5: M400 | E5: Door 01 Open
B6: 2 | D6: M401 | E6: Door 02 Open
B7: 3 | D7: M402 | E7: Door 03 Open
B8: 4 | D8: M403
B9: 5 | D9: M404
B10: 6 | D10: M405
B11: 7 | D11: M406
B12: 8 | D12: M407
B13: 9 | D13: M408
B14: 10 | D14: M409
B15: 11 | C15: EMO | D15: M410 | E15: EMO 01 Push
B16: 12 | D16: M411 | E16: EMO 02 Push
B17: 13 | D17: M412 | E17: EMO 03 Push
B18: 14 | D18: M413 | E18: EMO 04 Push
B19: 15 | D19: M414 | E19: EMO 05 Push
B20: 16 | D20: M415
B21: 17 | D21: M416
B22: 18 | D22: M417
B23: 19 | D23: M418
B24: 20 | D24: M419
B25: 21 | C25: Glass Check | D25: M420 | E25: Glass Check
B26: 22 | D26: M421
B27: 23 | D27: M422
B28: 24 | D28: M423
B29: 25 | D29: M424
B30: 26 | C30: Loader Arm Detect | D30: M425 | E30: Loader Arm Detect 01
B31: 27 | D31: M426
B32: 28 | D32: M427
B33: 29 | D33: M428
B34: 30 | D34: M429
B35: 31 | C35: Shutter Up / Down | D35: M430 | E35: EQ Shutter Close
B36: 32 | D36: M431 | E36: EQ Shutter Open
B37: 33 | D37: M432
B38: 34 | D38: M433
B39: 35 | D39: M434
B40: 36 | C40: Lift Pin / LP | D40: M435 | E40: Lift Pin Up
B41: 37 | D41: M436 | E41: Lift Pin Down
B42: 38 | D42: M437
B43: 39 | D43: M438
B44: 40 | D44: M439
B45: 41 | D45: M440
B46: 42 | D46: M441
B47: 43 | D47: M442
B48: 44 | D48: M443
B49: 45 | D49: M444
B50: 46 | C50: Load / Unload Position | D50: M445 | E50: Load Position
B51: 47 | D51: M446 | E51: Unload Position
B52: 48 | D52: M447
B53: 49 | D53: M448
B54: 50 | D54: M449
B55: 51 | C55: Unload Position | D55: M450 | E55: X0 Unload Position
B56: 52 | D56: M451
B57: 53 | D57: M452
B58: 54 | D58: M453
B59: 55 | D59: M454
B60: 56 | D60: M455
B61: 57 | D61: M456
B62: 58 | D62: M457
B63: 59 | D63: M458
B64: 60 | D64: M459
B65: 61 | C65: R0 / R1 Interlock | D65: M460
B66: 62 | D66: M461
B67: 63 | D67: M462
B68: 64 | D68: M463
B69: 65 | D69: M464
B70: 66 | D70: M465
B71: 67 | D71: M466
B72: 68 | D72: M467
B73: 69 | D73: M468
B74: 70 | D74: M469
B75: 71 | C75: Ionizer | D75: M470 | E75: BAR IONIZER ION LEVEL WARNING 01
B76: 72 | D76: M471 | E76: BAR IONIZER CONDITION WARNING 01
B77: 73 | D77: M472 | E77: BAR IONIZER ALARM 01
B78: 74 | D78: M473
B79: 75 | D79: M474
B80: 76 | D80: M475
B81: 77 | D81: M476
B82: 78 | D82: M477
B83: 79 | D83: M478
B84: 80 | D84: M479
B85: 81 | D85: M480
B86: 82 | D86: M481
B87: 83 | D87: M482
B88: 84 | D88: M483
B89: 85 | D89: M484
... B94: 90 | D94: M489
B95: 91 | C95: PIO | D95: M490 | E95: Robot side Interlock#1
B96: 92 | D96: M491 | E96: Robot side Interlock#2
B97: 93 | D97: M492 | E97: Robot side Interlock#3
B98: 94 | D98: M493 | E98: Robot side Interlock#4
B99: 95 | D99: M494 | E99: Robot side Interlock#5
B100: 96 | D100: M495 | E100: Robot side Interlock#6
B101: 97 | D101: M496 | E101: Robot side Interlock#7
B102: 98 | D102: M497 | E102: Robot side Interlock#8
B103: 99 | D103: M498
B104: 100 | D104: M499
B105: OUTPUT (M500 ~ M599)
...
